,0,1,2
0,188.0,83.0,1921.0
1,178.0,79.0,1927.0
2,196.0,90.0,1921.0
3,183.0,77.0,1924.0
4,196.0,90.0,1927.0
5,196.0,95.0,1927.0
6,193.0,95.0,1925.0
7,208.0,102.0,1922.0
8,190.0,79.0,1928.0
9,196.0,81.0,1927.0
10,185.0,81.0,1923.0
11,193.0,83.0,1920.0
12,193.0,92.0,1923.0
13,196.0,99.0,1925.0
14,190.0,79.0,1923.0
15,190.0,81.0,1927.0
16,183.0,77.0,1919.0
17,188.0,86.0,1925.0
18,196.0,88.0,1922.0
19,201.0,88.0,1924.0
20,201.0,90.0,1924.0
21,193.0,92.0,1925.0
22,185.0,74.0,1923.0
23,183.0,79.0,1922.0
24,185.0,79.0,1920.0
25,190.0,81.0,1924.0
26,196.0,88.0,1919.0
27,188.0,81.0,1926.0
28,190.0,85.0,1922.0
29,196.0,92.0,1917.0
30,188.0,79.0,1925.0
31,190.0,79.0,1922.0
32,190.0,86.0,1920.0
33,188.0,81.0,1925.0
34,188.0,86.0,1922.0
35,196.0,86.0,1921.0
36,198.0,88.0,1918.0
37,198.0,95.0,1927.0
38,196.0,90.0,1925.0
39,190.0,88.0,1927.0
40,188.0,83.0,1923.0
41,201.0,98.0,1926.0
42,206.0,102.0,1919.0
43,185.0,77.0,1918.0
44,201.0,95.0,1923.0
45,188.0,81.0,1920.0
46,201.0,88.0,1927.0
47,201.0,88.0,1927.0
48,190.0,92.0,1924.0
49,206.0,97.0,1924.0
50,206.0,102.0,1923.0
51,178.0,79.0,1922.0
52,178.0,79.0,1920.0
53,193.0,81.0,1925.0
54,190.0,83.0,1920.0
55,180.0,79.0,1917.0
56,196.0,107.0,1920.0
57,190.0,86.0,1928.0
58,198.0,97.0,1920.0
59,190.0,78.0,1924.0
60,188.0,77.0,1923.0
61,190.0,79.0,1926.0
62,201.0,97.0,1921.0
63,190.0,83.0,1926.0
64,188.0,86.0,1920.0
65,188.0,88.0,1921.0
66,188.0,79.0,1921.0
67,185.0,80.0,1923.0
68,203.0,83.0,1928.0
69,203.0,99.0,1922.0
70,193.0,92.0,1919.0
71,178.0,77.0,1925.0
72,193.0,86.0,1923.0
73,190.0,95.0,1923.0
74,183.0,81.0,1926.0
75,198.0,83.0,1919.0
76,208.0,111.0,1924.0
77,201.0,104.0,1928.0
78,183.0,74.0,1925.0
79,183.0,86.0,1928.0
80,185.0,74.0,1921.0
81,193.0,83.0,1924.0
82,203.0,95.0,1927.0
83,190.0,81.0,1921.0
84,203.0,88.0,1924.0
85,206.0,99.0,1915.0
86,188.0,83.0,1923.0
87,190.0,79.0,1923.0
88,180.0,72.0,1922.0
89,190.0,88.0,1927.0
90,208.0,108.0,1921.0
91,201.0,99.0,1925.0
92,190.0,90.0,1921.0
93,183.0,78.0,1924.0
94,190.0,86.0,1922.0
95,196.0,88.0,1925.0
96,188.0,88.0,1922.0
97,193.0,83.0,1922.0
98,196.0,86.0,1921.0
99,206.0,90.0,1924.0
100,188.0,83.0,1924.0
101,206.0,95.0,1925.0
102,206.0,83.0,1923.0
103,183.0,76.0,1923.0
104,178.0,74.0,1923.0
105,196.0,108.0,1917.0
106,178.0,79.0,1921.0
107,183.0,79.0,1918.0
108,196.0,92.0,1925.0
109,203.0,99.0,1928.0
110,198.0,90.0,1922.0
111,188.0,87.0,1917.0
112,178.0,81.0,1922.0
113,190.0,86.0,1923.0
114,178.0,74.0,1924.0
115,188.0,86.0,1922.0
116,188.0,81.0,1922.0
117,185.0,81.0,1928.0
118,190.0,83.0,1924.0
119,188.0,79.0,1923.0
120,185.0,88.0,1918.0
121,190.0,86.0,1922.0
122,193.0,90.0,1920.0
123,198.0,97.0,1922.0
124,183.0,83.0,1920.0
125,193.0,95.0,1920.0
126,183.0,77.0,1922.0
127,190.0,88.0,1928.0
128,193.0,92.0,1921.0
129,198.0,95.0,1920.0
130,198.0,92.0,1921.0
131,188.0,72.0,1927.0
132,183.0,77.0,1921.0
133,175.0,70.0,1926.0
134,188.0,77.0,1925.0
135,193.0,86.0,1928.0
136,203.0,99.0,1924.0
137,185.0,79.0,1925.0
138,198.0,99.0,1922.0
139,185.0,79.0,1928.0
140,203.0,104.0,1922.0
141,206.0,97.0,1928.0
142,196.0,90.0,1928.0
143,188.0,83.0,1928.0
144,188.0,79.0,1925.0
145,201.0,95.0,1927.0
146,196.0,88.0,1928.0
147,196.0,90.0,1928.0
148,185.0,79.0,1926.0
149,198.0,90.0,1923.0
150,201.0,95.0,1929.0
151,185.0,79.0,1926.0
152,203.0,90.0,1929.0
153,198.0,90.0,1928.0
154,203.0,95.0,1929.0
155,183.0,79.0,1928.0
156,196.0,88.0,1930.0
157,188.0,81.0,1928.0
158,175.0,72.0,1928.0
159,190.0,83.0,1925.0
160,185.0,83.0,1927.0
161,180.0,81.0,1926.0
162,193.0,92.0,1927.0
163,185.0,77.0,1931.0
164,183.0,77.0,1930.0
165,203.0,102.0,1930.0
166,180.0,81.0,1930.0
167,188.0,86.0,1925.0
168,201.0,94.0,1930.0
169,193.0,86.0,1931.0
170,206.0,97.0,1930.0
171,201.0,97.0,1930.0
172,183.0,83.0,1930.0
173,188.0,83.0,1928.0
174,190.0,81.0,1929.0
175,193.0,86.0,1931.0
176,203.0,92.0,1931.0
177,211.0,99.0,1930.0
178,188.0,86.0,1928.0
179,196.0,81.0,1930.0
180,201.0,95.0,1932.0
181,188.0,84.0,1930.0
182,198.0,97.0,1931.0
183,206.0,106.0,1929.0
184,198.0,90.0,1931.0
185,196.0,95.0,1932.0
186,196.0,88.0,1925.0
187,198.0,81.0,1929.0
188,185.0,81.0,1929.0
189,198.0,95.0,1930.0
190,196.0,86.0,1928.0
191,185.0,84.0,1931.0
192,188.0,86.0,1929.0
193,196.0,86.0,1928.0
194,196.0,77.0,1930.0
195,188.0,80.0,1929.0
196,206.0,104.0,1932.0
197,196.0,81.0,1932.0
198,193.0,92.0,1932.0
199,206.0,92.0,1932.0
200,190.0,86.0,1931.0
201,190.0,81.0,1932.0
202,188.0,77.0,1931.0
203,201.0,83.0,1932.0
204,193.0,77.0,1930.0
205,183.0,72.0,1930.0
206,196.0,99.0,1933.0
207,188.0,86.0,1931.0
208,213.0,99.0,1930.0
209,193.0,86.0,1933.0
210,190.0,90.0,1932.0
211,198.0,92.0,1933.0
212,190.0,86.0,1933.0
213,198.0,99.0,1933.0
214,196.0,99.0,1930.0
215,183.0,76.0,1933.0
216,188.0,92.0,1933.0
217,188.0,81.0,1930.0
218,201.0,97.0,1933.0
219,196.0,86.0,1935.0
220,206.0,89.0,1933.0
221,201.0,105.0,1933.0
222,198.0,95.0,1934.0
223,203.0,99.0,1933.0
224,203.0,95.0,1932.0
225,190.0,83.0,1932.0
226,201.0,103.0,1934.0
227,188.0,83.0,1933.0
228,193.0,88.0,1932.0
229,193.0,95.0,1931.0
230,201.0,98.0,1934.0
231,203.0,92.0,1934.0
232,208.0,92.0,1933.0
233,183.0,73.0,1935.0
234,190.0,83.0,1932.0
235,198.0,102.0,1934.0
236,198.0,90.0,1932.0
237,208.0,97.0,1934.0
238,203.0,90.0,1933.0
239,190.0,83.0,1934.0
240,196.0,92.0,1935.0
241,196.0,86.0,1930.0
242,190.0,99.0,1932.0
243,193.0,83.0,1935.0
244,193.0,89.0,1933.0
245,203.0,104.0,1935.0
246,188.0,80.0,1935.0
247,188.0,79.0,1931.0
248,193.0,86.0,1933.0
249,201.0,99.0,1934.0
250,198.0,98.0,1932.0
251,203.0,104.0,1935.0
252,193.0,88.0,1930.0
253,196.0,102.0,1934.0
254,198.0,95.0,1935.0
255,193.0,90.0,1933.0
256,198.0,92.0,1936.0
257,203.0,92.0,1936.0
258,206.0,100.0,1936.0
259,203.0,108.0,1937.0
260,201.0,95.0,1936.0
261,198.0,97.0,1937.0
262,188.0,79.0,1936.0
263,198.0,86.0,1935.0
264,190.0,88.0,1936.0
265,196.0,97.0,1932.0
266,180.0,83.0,1936.0
267,203.0,101.0,1933.0
268,206.0,99.0,1936.0
269,206.0,97.0,1936.0
270,183.0,83.0,1935.0
271,188.0,83.0,1934.0
272,190.0,90.0,1937.0
273,193.0,86.0,1936.0
274,183.0,81.0,1932.0
275,216.0,124.0,1936.0
276,203.0,104.0,1937.0
277,196.0,90.0,1933.0
278,196.0,99.0,1937.0
279,196.0,95.0,1936.0
280,201.0,95.0,1937.0
281,201.0,99.0,1937.0
282,193.0,90.0,1937.0
283,206.0,99.0,1938.0
284,183.0,79.0,1936.0
285,203.0,97.0,1937.0
286,198.0,92.0,1938.0
287,193.0,81.0,1938.0
288,208.0,99.0,1938.0
289,180.0,81.0,1938.0
290,185.0,77.0,1938.0
291,201.0,97.0,1938.0
292,190.0,86.0,1936.0
293,196.0,92.0,1938.0
294,198.0,95.0,1938.0
295,188.0,79.0,1938.0
296,185.0,81.0,1937.0
297,211.0,102.0,1939.0
298,185.0,79.0,1939.0
299,206.0,95.0,1938.0
300,188.0,90.0,1936.0
301,188.0,79.0,1938.0
302,175.0,72.0,1938.0
303,178.0,77.0,1937.0
304,180.0,81.0,1939.0
305,185.0,83.0,1938.0
306,201.0,99.0,1938.0
307,193.0,83.0,1938.0
308,198.0,97.0,1938.0
309,208.0,102.0,1939.0
310,190.0,85.0,1939.0
311,206.0,97.0,1938.0
312,201.0,99.0,1939.0
313,185.0,81.0,1936.0
314,188.0,83.0,1937.0
315,190.0,95.0,1937.0
316,185.0,81.0,1938.0
317,206.0,102.0,1939.0
318,198.0,103.0,1939.0
319,203.0,108.0,1941.0
320,193.0,81.0,1936.0
321,198.0,99.0,1940.0
322,201.0,85.0,1940.0
323,203.0,90.0,1940.0
324,208.0,95.0,1940.0
325,190.0,77.0,1939.0
326,203.0,102.0,1938.0
327,196.0,92.0,1940.0
328,203.0,87.0,1940.0
329,190.0,86.0,1940.0
330,206.0,102.0,1939.0
331,198.0,95.0,1940.0
332,198.0,92.0,1940.0
333,196.0,95.0,1939.0
334,193.0,97.0,1934.0
335,183.0,83.0,1940.0
336,188.0,86.0,1940.0
337,198.0,96.0,1940.0
338,196.0,90.0,1936.0
339,188.0,79.0,1938.0
340,190.0,81.0,1940.0
341,188.0,79.0,1940.0
342,196.0,92.0,1941.0
343,206.0,104.0,1941.0
344,198.0,104.0,1938.0
345,188.0,79.0,1941.0
346,196.0,97.0,1939.0
347,203.0,104.0,1940.0
348,193.0,88.0,1940.0
349,193.0,83.0,1938.0
350,190.0,86.0,1939.0
351,196.0,90.0,1940.0
352,188.0,77.0,1939.0
353,193.0,88.0,1941.0
354,211.0,102.0,1941.0
355,203.0,95.0,1941.0
356,196.0,87.0,1942.0
357,203.0,95.0,1942.0
358,185.0,79.0,1938.0
359,196.0,88.0,1941.0
360,213.0,104.0,1941.0
361,201.0,102.0,1942.0
362,201.0,95.0,1942.0
363,206.0,108.0,1941.0
364,188.0,81.0,1942.0
365,193.0,102.0,1926.0
366,185.0,83.0,1941.0
367,198.0,95.0,1942.0
368,193.0,90.0,1942.0
369,201.0,104.0,1942.0
370,193.0,86.0,1942.0
371,196.0,97.0,1942.0
372,206.0,106.0,1942.0
373,201.0,99.0,1943.0
374,208.0,102.0,1941.0
375,203.0,102.0,1942.0
376,201.0,92.0,1944.0
377,201.0,88.0,1942.0
378,201.0,113.0,1942.0
379,198.0,95.0,1943.0
380,198.0,95.0,1943.0
381,196.0,88.0,1944.0
382,203.0,92.0,1943.0
383,201.0,95.0,1942.0
384,185.0,77.0,1943.0
385,203.0,99.0,1942.0
386,196.0,92.0,1943.0
387,190.0,83.0,1943.0
388,196.0,92.0,1942.0
389,196.0,88.0,1942.0
390,173.0,77.0,1942.0
391,201.0,90.0,1941.0
392,208.0,106.0,1940.0
393,196.0,90.0,1941.0
394,198.0,95.0,1943.0
395,188.0,81.0,1942.0
396,208.0,102.0,1944.0
397,183.0,77.0,1944.0
398,203.0,95.0,1941.0
399,190.0,81.0,1943.0
400,206.0,93.0,1944.0
401,208.0,104.0,1943.0
402,196.0,83.0,1943.0
403,188.0,79.0,1941.0
404,193.0,85.0,1941.0
405,185.0,77.0,1945.0
406,213.0,108.0,1942.0
407,196.0,95.0,1944.0
408,203.0,95.0,1929.0
409,198.0,99.0,1942.0
410,208.0,92.0,1944.0
411,203.0,97.0,1942.0
412,201.0,90.0,1944.0
413,185.0,74.0,1944.0
414,203.0,104.0,1943.0
415,185.0,83.0,1941.0
416,196.0,98.0,1944.0
417,190.0,92.0,1944.0
418,196.0,93.0,1944.0
419,201.0,95.0,1944.0
420,211.0,99.0,1945.0
421,196.0,92.0,1943.0
422,208.0,108.0,1943.0
423,193.0,95.0,1944.0
424,206.0,102.0,1941.0
425,201.0,89.0,1945.0
426,208.0,104.0,1943.0
427,193.0,90.0,1945.0
428,203.0,95.0,1944.0
429,190.0,88.0,1943.0
430,185.0,83.0,1943.0
431,203.0,99.0,1945.0
432,201.0,92.0,1943.0
433,198.0,102.0,1943.0
434,183.0,81.0,1942.0
435,188.0,81.0,1944.0
436,201.0,95.0,1944.0
437,196.0,88.0,1944.0
438,196.0,92.0,1943.0
439,190.0,83.0,1944.0
440,193.0,92.0,1945.0
441,206.0,99.0,1944.0
442,203.0,86.0,1943.0
443,190.0,88.0,1944.0
444,196.0,86.0,1944.0
445,198.0,88.0,1944.0
446,185.0,81.0,1939.0
447,201.0,98.0,1944.0
448,206.0,106.0,1946.0
449,185.0,79.0,1946.0
450,213.0,120.0,1945.0
451,196.0,95.0,1946.0
452,208.0,111.0,1946.0
453,196.0,95.0,1946.0
454,201.0,102.0,1945.0
455,196.0,90.0,1945.0
456,206.0,106.0,1945.0
457,201.0,95.0,1944.0
458,203.0,102.0,1946.0
459,203.0,108.0,1946.0
460,190.0,79.0,1946.0
461,193.0,90.0,1946.0
462,211.0,92.0,1946.0
463,213.0,108.0,1946.0
464,213.0,111.0,1946.0
465,190.0,86.0,1946.0
466,203.0,99.0,1946.0
467,196.0,97.0,1946.0
468,211.0,106.0,1945.0
469,193.0,90.0,1945.0
470,208.0,102.0,1945.0
471,201.0,88.0,1943.0
472,196.0,88.0,1947.0
473,201.0,95.0,1945.0
474,201.0,111.0,1946.0
475,198.0,99.0,1945.0
476,190.0,85.0,1944.0
477,218.0,102.0,1947.0
478,188.0,79.0,1947.0
479,196.0,90.0,1946.0
480,190.0,83.0,1947.0
481,190.0,83.0,1945.0
482,198.0,88.0,1947.0
483,190.0,83.0,1946.0
484,190.0,86.0,1946.0
485,201.0,95.0,1947.0
486,203.0,95.0,1942.0
487,203.0,97.0,1947.0
488,201.0,97.0,1945.0
489,190.0,79.0,1946.0
490,201.0,97.0,1947.0
491,196.0,92.0,1948.0
492,198.0,97.0,1946.0
493,196.0,90.0,1947.0
494,208.0,99.0,1946.0
495,206.0,104.0,1947.0
496,208.0,99.0,1948.0
497,190.0,81.0,1947.0
498,190.0,79.0,1945.0
499,188.0,78.0,1947.0
500,198.0,95.0,1947.0
501,185.0,68.0,1948.0
502,196.0,92.0,1947.0
503,208.0,106.0,1948.0
504,206.0,104.0,1948.0
505,201.0,97.0,1947.0
506,193.0,83.0,1946.0
507,216.0,108.0,1947.0
508,203.0,102.0,1949.0
509,198.0,99.0,1948.0
510,206.0,97.0,1948.0
511,206.0,104.0,1948.0
512,211.0,111.0,1947.0
513,201.0,90.0,1947.0
514,208.0,106.0,1948.0
515,211.0,113.0,1948.0
516,196.0,89.0,1947.0
517,206.0,99.0,1948.0
518,196.0,97.0,1948.0
519,196.0,86.0,1948.0
520,175.0,74.0,1948.0
521,201.0,99.0,1948.0
522,193.0,86.0,1948.0
523,190.0,90.0,1948.0
524,208.0,102.0,1948.0
525,198.0,102.0,1944.0
526,206.0,106.0,1945.0
527,196.0,81.0,1948.0
528,198.0,92.0,1948.0
529,203.0,98.0,1948.0
530,206.0,99.0,1948.0
531,188.0,82.0,1945.0
532,190.0,82.0,1948.0
533,193.0,90.0,1948.0
534,190.0,81.0,1950.0
535,190.0,83.0,1949.0
536,188.0,72.0,1949.0
537,201.0,86.0,1948.0
538,196.0,95.0,1948.0
539,203.0,95.0,1947.0
540,185.0,81.0,1948.0
541,206.0,97.0,1949.0
542,211.0,103.0,1948.0
543,201.0,102.0,1949.0
544,203.0,97.0,1947.0
545,183.0,79.0,1948.0
546,188.0,88.0,1949.0
547,193.0,90.0,1949.0
548,201.0,99.0,1947.0
549,206.0,102.0,1948.0
550,203.0,99.0,1948.0
551,206.0,104.0,1949.0
552,193.0,88.0,1948.0
553,201.0,102.0,1949.0
554,196.0,79.0,1948.0
555,213.0,113.0,1949.0
556,190.0,81.0,1948.0
557,196.0,81.0,1949.0
558,203.0,92.0,1948.0
559,203.0,102.0,1949.0
560,196.0,97.0,1950.0
561,188.0,79.0,1948.0
562,188.0,83.0,1949.0
563,185.0,83.0,1949.0
564,188.0,81.0,1950.0
565,185.0,79.0,1950.0
566,196.0,95.0,1947.0
567,196.0,92.0,1942.0
568,201.0,95.0,1950.0
569,203.0,99.0,1949.0
570,190.0,83.0,1946.0
571,188.0,81.0,1950.0
572,198.0,92.0,1950.0
573,196.0,86.0,1949.0
574,198.0,95.0,1950.0
575,208.0,99.0,1950.0
576,201.0,97.0,1950.0
577,201.0,86.0,1946.0
578,183.0,77.0,1949.0
579,198.0,90.0,1949.0
580,203.0,102.0,1945.0
581,196.0,83.0,1950.0
582,211.0,94.0,1950.0
583,206.0,95.0,1951.0
584,193.0,81.0,1950.0
585,203.0,90.0,1950.0
586,203.0,88.0,1950.0
587,201.0,102.0,1950.0
588,183.0,77.0,1950.0
589,190.0,88.0,1949.0
590,208.0,104.0,1951.0
591,208.0,102.0,1950.0
592,203.0,88.0,1950.0
593,185.0,77.0,1950.0
594,196.0,86.0,1950.0
595,198.0,97.0,1950.0
596,198.0,93.0,1950.0
597,193.0,88.0,1950.0
598,198.0,95.0,1947.0
599,206.0,90.0,1951.0
600,206.0,83.0,1951.0
601,196.0,83.0,1951.0
602,206.0,95.0,1951.0
603,201.0,95.0,1951.0
604,201.0,99.0,1951.0
605,193.0,88.0,1947.0
606,198.0,81.0,1951.0
607,190.0,83.0,1951.0
608,198.0,99.0,1950.0
609,201.0,98.0,1951.0
610,183.0,81.0,1951.0
611,203.0,102.0,1950.0
612,190.0,83.0,1949.0
613,203.0,88.0,1951.0
614,193.0,86.0,1950.0
615,190.0,81.0,1951.0
616,208.0,95.0,1952.0
617,203.0,99.0,1951.0
618,213.0,104.0,1951.0
619,188.0,81.0,1928.0
620,206.0,88.0,1951.0
621,188.0,83.0,1951.0
622,190.0,86.0,1951.0
623,196.0,90.0,1950.0
624,198.0,88.0,1950.0
625,185.0,86.0,1945.0
626,203.0,104.0,1951.0
627,185.0,79.0,1951.0
628,201.0,88.0,1950.0
629,213.0,106.0,1950.0
630,208.0,104.0,1943.0
631,203.0,97.0,1948.0
632,196.0,83.0,1951.0
633,193.0,83.0,1950.0
634,196.0,88.0,1952.0
635,193.0,80.0,1954.0
636,218.0,102.0,1952.0
637,206.0,98.0,1951.0
638,211.0,99.0,1949.0
639,201.0,89.0,1951.0
640,196.0,95.0,1951.0
641,183.0,79.0,1952.0
642,198.0,92.0,1954.0
643,190.0,79.0,1952.0
644,198.0,102.0,1952.0
645,203.0,108.0,1951.0
646,208.0,90.0,1950.0
647,206.0,99.0,1950.0
648,190.0,86.0,1952.0
649,183.0,81.0,1952.0
650,201.0,90.0,1951.0
651,203.0,95.0,1952.0
652,208.0,86.0,1952.0
653,193.0,85.0,1945.0
654,198.0,89.0,1950.0
655,213.0,111.0,1951.0
656,193.0,81.0,1952.0
657,183.0,74.0,1951.0
658,198.0,86.0,1952.0
659,183.0,77.0,1955.0
660,190.0,79.0,1953.0
661,206.0,102.0,1951.0
662,201.0,102.0,1951.0
663,196.0,98.0,1944.0
664,201.0,95.0,1951.0
665,196.0,88.0,1952.0
666,193.0,83.0,1952.0
667,206.0,102.0,1953.0
668,190.0,83.0,1951.0
669,188.0,90.0,1947.0
670,203.0,86.0,1951.0
671,183.0,83.0,1951.0
672,211.0,95.0,1952.0
673,188.0,74.0,1952.0
674,193.0,86.0,1952.0
675,201.0,97.0,1952.0
676,201.0,90.0,1950.0
677,198.0,86.0,1953.0
678,201.0,104.0,1951.0
679,193.0,83.0,1952.0
680,206.0,95.0,1954.0
681,196.0,88.0,1953.0
682,201.0,86.0,1951.0
683,201.0,97.0,1953.0
684,206.0,99.0,1953.0
685,196.0,95.0,1953.0
686,206.0,83.0,1954.0
687,211.0,106.0,1951.0
688,203.0,90.0,1950.0
689,193.0,86.0,1951.0
690,208.0,92.0,1953.0
691,196.0,92.0,1953.0
692,206.0,97.0,1952.0
693,190.0,83.0,1944.0
694,196.0,95.0,1953.0
695,198.0,90.0,1953.0
696,201.0,81.0,1951.0
697,193.0,92.0,1952.0
698,193.0,86.0,1954.0
699,183.0,79.0,1951.0
700,190.0,83.0,1953.0
701,196.0,92.0,1942.0
702,213.0,106.0,1953.0
703,190.0,92.0,1953.0
704,208.0,102.0,1953.0
705,198.0,83.0,1953.0
706,190.0,86.0,1951.0
707,203.0,102.0,1953.0
708,188.0,83.0,1948.0
709,190.0,86.0,1953.0
710,203.0,106.0,1950.0
711,211.0,97.0,1952.0
712,208.0,97.0,1953.0
713,203.0,97.0,1953.0
714,188.0,83.0,1955.0
715,206.0,105.0,1954.0
716,201.0,104.0,1953.0
717,190.0,77.0,1949.0
718,203.0,95.0,1953.0
719,198.0,95.0,1952.0
720,198.0,90.0,1953.0
721,206.0,106.0,1952.0
722,190.0,89.0,1953.0
723,203.0,99.0,1953.0
724,188.0,88.0,1953.0
725,188.0,79.0,1953.0
726,201.0,99.0,1954.0
727,185.0,77.0,1952.0
728,211.0,102.0,1955.0
729,203.0,95.0,1952.0
730,193.0,92.0,1953.0
731,190.0,81.0,1950.0
732,203.0,102.0,1951.0
733,206.0,102.0,1945.0
734,201.0,90.0,1955.0
735,188.0,90.0,1946.0
736,190.0,86.0,1954.0
737,188.0,83.0,1953.0
738,193.0,86.0,1950.0
739,183.0,74.0,1947.0
740,203.0,97.0,1952.0
741,203.0,95.0,1955.0
742,183.0,77.0,1944.0
743,206.0,99.0,1944.0
744,196.0,94.0,1956.0
745,188.0,77.0,1955.0
746,198.0,89.0,1954.0
747,208.0,108.0,1949.0
748,208.0,99.0,1948.0
749,208.0,104.0,1954.0
750,190.0,81.0,1954.0
751,211.0,97.0,1946.0
752,206.0,99.0,1952.0
753,193.0,86.0,1952.0
754,201.0,86.0,1954.0
755,201.0,95.0,1950.0
756,193.0,83.0,1954.0
757,188.0,81.0,1953.0
758,193.0,86.0,1954.0
759,193.0,83.0,1950.0
760,203.0,90.0,1953.0
761,201.0,81.0,1952.0
762,218.0,108.0,1949.0
763,208.0,90.0,1951.0
764,201.0,99.0,1953.0
765,206.0,92.0,1954.0
766,206.0,95.0,1953.0
767,201.0,92.0,1953.0
768,193.0,86.0,1953.0
769,206.0,97.0,1949.0
770,188.0,77.0,1954.0
771,211.0,99.0,1952.0
772,206.0,106.0,1948.0
773,193.0,83.0,1954.0
774,206.0,95.0,1951.0
775,211.0,98.0,1950.0
776,198.0,99.0,1946.0
777,206.0,102.0,1954.0
778,190.0,83.0,1952.0
779,196.0,92.0,1949.0
780,206.0,92.0,1952.0
781,198.0,88.0,1952.0
782,206.0,104.0,1954.0
783,185.0,81.0,1951.0
784,193.0,87.0,1952.0
785,208.0,104.0,1952.0
786,190.0,79.0,1953.0
787,206.0,97.0,1952.0
788,201.0,97.0,1954.0
789,190.0,86.0,1953.0
790,185.0,81.0,1946.0
791,196.0,86.0,1952.0
792,211.0,108.0,1950.0
793,198.0,90.0,1951.0
794,203.0,102.0,1956.0
795,208.0,97.0,1949.0
796,208.0,99.0,1953.0
797,213.0,104.0,1953.0
798,198.0,90.0,1955.0
799,211.0,106.0,1948.0
800,203.0,90.0,1950.0
801,208.0,106.0,1949.0
802,185.0,86.0,1953.0
803,203.0,92.0,1953.0
804,193.0,88.0,1953.0
805,203.0,108.0,1955.0
806,185.0,81.0,1949.0
807,196.0,90.0,1949.0
808,190.0,86.0,1952.0
809,198.0,86.0,1954.0
810,196.0,83.0,1953.0
811,188.0,83.0,1951.0
812,183.0,79.0,1946.0
813,203.0,90.0,1954.0
814,193.0,88.0,1950.0
815,193.0,88.0,1954.0
816,170.0,68.0,1953.0
817,185.0,79.0,1950.0
818,193.0,86.0,1955.0
819,201.0,86.0,1954.0
820,183.0,72.0,1953.0
821,193.0,88.0,1952.0
822,211.0,99.0,1955.0
823,216.0,102.0,1952.0
824,198.0,88.0,1954.0
825,183.0,74.0,1943.0
826,183.0,74.0,1943.0
827,188.0,83.0,1951.0
828,196.0,95.0,1947.0
829,185.0,72.0,1954.0
830,190.0,79.0,1955.0
831,201.0,97.0,1955.0
832,208.0,106.0,1954.0
833,190.0,86.0,1955.0
834,188.0,79.0,1954.0
835,201.0,102.0,1953.0
836,198.0,86.0,1953.0
837,188.0,83.0,1955.0
838,188.0,83.0,1952.0
839,201.0,99.0,1955.0
840,198.0,88.0,1953.0
841,198.0,97.0,1955.0
842,173.0,74.0,1948.0
843,201.0,95.0,1954.0
844,190.0,81.0,1955.0
845,203.0,92.0,1931.0
846,201.0,104.0,1954.0
847,213.0,102.0,1955.0
848,201.0,97.0,1954.0
849,208.0,106.0,1954.0
850,188.0,79.0,1955.0
851,198.0,98.0,1955.0
852,183.0,77.0,1954.0
853,201.0,86.0,1952.0
854,198.0,95.0,1955.0
855,196.0,81.0,1955.0
856,203.0,92.0,1944.0
857,190.0,92.0,1954.0
858,201.0,98.0,1956.0
859,185.0,77.0,1955.0
860,201.0,92.0,1956.0
861,206.0,95.0,1955.0
862,188.0,81.0,1955.0
863,208.0,99.0,1955.0
864,203.0,97.0,1955.0
865,198.0,86.0,1954.0
866,190.0,90.0,1954.0
867,203.0,92.0,1955.0
868,203.0,95.0,1954.0
869,203.0,88.0,1955.0
870,188.0,77.0,1955.0
871,206.0,106.0,1955.0
872,203.0,92.0,1955.0
873,196.0,83.0,1955.0
874,193.0,88.0,1956.0
875,216.0,106.0,1955.0
876,201.0,83.0,1955.0
877,198.0,97.0,1954.0
878,211.0,104.0,1955.0
879,185.0,77.0,1955.0
880,180.0,74.0,1955.0
881,190.0,81.0,1956.0
882,206.0,102.0,1955.0
883,190.0,85.0,1954.0
884,201.0,90.0,1955.0
885,180.0,74.0,1956.0
886,185.0,79.0,1954.0
887,198.0,83.0,1957.0
888,193.0,81.0,1955.0
889,198.0,86.0,1956.0
890,201.0,97.0,1956.0
891,196.0,86.0,1956.0
892,185.0,81.0,1956.0
893,196.0,77.0,1956.0
894,208.0,99.0,1956.0
895,211.0,113.0,1956.0
896,211.0,127.0,1955.0
897,201.0,99.0,1956.0
898,206.0,102.0,1955.0
899,198.0,88.0,1956.0
900,188.0,79.0,1956.0
901,196.0,92.0,1956.0
902,188.0,83.0,1956.0
903,208.0,102.0,1954.0
904,203.0,99.0,1956.0
905,198.0,88.0,1956.0
906,183.0,81.0,1955.0
907,198.0,88.0,1955.0
908,201.0,99.0,1956.0
909,208.0,108.0,1956.0
910,198.0,83.0,1956.0
911,201.0,92.0,1955.0
912,183.0,83.0,1956.0
913,196.0,88.0,1956.0
914,183.0,72.0,1955.0
915,201.0,97.0,1956.0
916,201.0,95.0,1955.0
917,198.0,92.0,1956.0
918,196.0,90.0,1956.0
919,190.0,92.0,1956.0
920,198.0,85.0,1955.0
921,211.0,104.0,1956.0
922,198.0,95.0,1955.0
923,201.0,104.0,1955.0
924,198.0,90.0,1957.0
925,201.0,95.0,1957.0
926,201.0,104.0,1944.0
927,201.0,86.0,1957.0
928,208.0,102.0,1955.0
929,190.0,79.0,1955.0
930,201.0,97.0,1956.0
931,190.0,79.0,1955.0
932,208.0,99.0,1956.0
933,193.0,86.0,1956.0
934,196.0,90.0,1956.0
935,206.0,99.0,1957.0
936,206.0,99.0,1956.0
937,203.0,102.0,1956.0
938,198.0,88.0,1957.0
939,216.0,111.0,1957.0
940,208.0,97.0,1956.0
941,198.0,81.0,1955.0
942,201.0,102.0,1951.0
943,193.0,88.0,1957.0
944,206.0,104.0,1956.0
945,196.0,86.0,1957.0
946,193.0,86.0,1957.0
947,206.0,102.0,1957.0
948,188.0,81.0,1956.0
949,203.0,91.0,1955.0
950,185.0,77.0,1955.0
951,193.0,81.0,1957.0
952,206.0,100.0,1957.0
953,188.0,81.0,1957.0
954,188.0,79.0,1956.0
955,190.0,83.0,1957.0
956,190.0,81.0,1956.0
957,203.0,97.0,1956.0
958,188.0,79.0,1957.0
959,203.0,95.0,1954.0
960,183.0,77.0,1949.0
961,201.0,98.0,1956.0
962,188.0,90.0,1956.0
963,206.0,102.0,1953.0
964,201.0,86.0,1957.0
965,206.0,102.0,1951.0
966,208.0,104.0,1956.0
967,198.0,102.0,1957.0
968,206.0,99.0,1956.0
969,185.0,77.0,1957.0
970,190.0,83.0,1957.0
971,208.0,104.0,1956.0
972,213.0,113.0,1957.0
973,190.0,81.0,1957.0
974,198.0,99.0,1957.0
975,211.0,99.0,1957.0
976,201.0,99.0,1957.0
977,206.0,102.0,1951.0
978,190.0,88.0,1956.0
979,206.0,99.0,1960.0
980,196.0,86.0,1957.0
981,206.0,95.0,1956.0
982,188.0,81.0,1956.0
983,201.0,95.0,1958.0
984,190.0,79.0,1955.0
985,203.0,95.0,1957.0
986,206.0,99.0,1958.0
987,196.0,83.0,1957.0
988,193.0,81.0,1958.0
989,201.0,99.0,1958.0
990,208.0,97.0,1958.0
991,193.0,88.0,1969.0
992,196.0,81.0,1958.0
993,190.0,79.0,1957.0
994,193.0,83.0,1954.0
995,198.0,81.0,1951.0
996,190.0,83.0,1958.0
997,206.0,95.0,1957.0
998,201.0,92.0,1958.0
999,218.0,124.0,1957.0
1000,185.0,77.0,1958.0
1001,218.0,113.0,1954.0
1002,190.0,88.0,1958.0
1003,193.0,81.0,1958.0
1004,201.0,86.0,1956.0
1005,211.0,113.0,1959.0
1006,193.0,86.0,1958.0
1007,201.0,83.0,1957.0
1008,201.0,88.0,1957.0
1009,208.0,88.0,1957.0
1010,203.0,99.0,1957.0
1011,193.0,90.0,1942.0
1012,211.0,92.0,1957.0
1013,206.0,92.0,1957.0
1014,208.0,102.0,1956.0
1015,201.0,89.0,1956.0
1016,198.0,98.0,1959.0
1017,193.0,86.0,1958.0
1018,193.0,79.0,1957.0
1019,211.0,111.0,1957.0
1020,213.0,103.0,1952.0
1021,188.0,79.0,1959.0
1022,190.0,79.0,1957.0
1023,208.0,108.0,1958.0
1024,185.0,77.0,1959.0
1025,201.0,92.0,1957.0
1026,201.0,95.0,1957.0
1027,208.0,95.0,1957.0
1028,198.0,97.0,1958.0
1029,185.0,79.0,1958.0
1030,185.0,77.0,1957.0
1031,190.0,83.0,1958.0
1032,185.0,79.0,1958.0
1033,198.0,102.0,1955.0
1034,201.0,93.0,1958.0
1035,213.0,97.0,1957.0
1036,203.0,79.0,1958.0
1037,203.0,99.0,1954.0
1038,198.0,86.0,1957.0
1039,198.0,99.0,1958.0
1040,185.0,77.0,1958.0
1041,203.0,97.0,1957.0
1042,196.0,86.0,1957.0
1043,203.0,98.0,1958.0
1044,185.0,79.0,1958.0
1045,203.0,94.0,1958.0
1046,201.0,95.0,1957.0
1047,185.0,76.0,1956.0
1048,203.0,97.0,1958.0
1049,188.0,79.0,1958.0
1050,201.0,97.0,1957.0
1051,196.0,95.0,1956.0
1052,190.0,80.0,1957.0
1053,201.0,95.0,1957.0
1054,203.0,99.0,1958.0
1055,213.0,99.0,1955.0
1056,201.0,104.0,1939.0
1057,206.0,90.0,1957.0
1058,198.0,86.0,1953.0
1059,211.0,104.0,1955.0
1060,196.0,88.0,1958.0
1061,196.0,88.0,1958.0
1062,198.0,105.0,1959.0
1063,193.0,79.0,1959.0
1064,213.0,95.0,1958.0
1065,201.0,97.0,1959.0
1066,198.0,86.0,1959.0
1067,193.0,83.0,1958.0
1068,198.0,86.0,1953.0
1069,196.0,97.0,1959.0
1070,208.0,99.0,1958.0
1071,193.0,83.0,1958.0
1072,196.0,79.0,1958.0
1073,188.0,81.0,1958.0
1074,206.0,113.0,1958.0
1075,208.0,99.0,1959.0
1076,208.0,104.0,1957.0
1077,188.0,72.0,1949.0
1078,203.0,99.0,1958.0
1079,190.0,77.0,1958.0
1080,188.0,77.0,1956.0
1081,203.0,86.0,1959.0
1082,185.0,77.0,1959.0
1083,218.0,117.0,1958.0
1084,183.0,77.0,1955.0
1085,213.0,92.0,1955.0
1086,198.0,92.0,1959.0
1087,208.0,108.0,1956.0
1088,185.0,83.0,1958.0
1089,203.0,99.0,1944.0
1090,198.0,86.0,1959.0
1091,198.0,88.0,1959.0
1092,193.0,87.0,1952.0
1093,213.0,108.0,1958.0
1094,198.0,92.0,1959.0
1095,198.0,92.0,1959.0
1096,201.0,92.0,1958.0
1097,193.0,86.0,1956.0
1098,206.0,97.0,1959.0
1099,196.0,86.0,1959.0
1100,196.0,88.0,1959.0
1101,208.0,92.0,1959.0
1102,208.0,98.0,1958.0
1103,193.0,86.0,1959.0
1104,201.0,86.0,1956.0
1105,203.0,96.0,1958.0
1106,208.0,108.0,1958.0
1107,211.0,106.0,1959.0
1108,206.0,102.0,1958.0
1109,201.0,104.0,1959.0
1110,185.0,81.0,1961.0
1111,206.0,102.0,1958.0
1112,198.0,99.0,1959.0
1113,196.0,86.0,1959.0
1114,185.0,83.0,1959.0
1115,206.0,97.0,1959.0
1116,201.0,99.0,1959.0
1117,201.0,95.0,1958.0
1118,203.0,97.0,1960.0
1119,208.0,109.0,1958.0
1120,201.0,86.0,1959.0
1121,198.0,87.0,1958.0
1122,201.0,106.0,1959.0
1123,206.0,97.0,1959.0
1124,206.0,99.0,1958.0
1125,190.0,83.0,1960.0
1126,208.0,108.0,1960.0
1127,183.0,83.0,1960.0
1128,208.0,108.0,1956.0
1129,193.0,81.0,1959.0
1130,188.0,81.0,1955.0
1131,206.0,99.0,1961.0
1132,190.0,81.0,1961.0
1133,224.0,124.0,1957.0
1134,193.0,81.0,1959.0
1135,196.0,88.0,1960.0
1136,211.0,111.0,1959.0
1137,203.0,102.0,1957.0
1138,190.0,77.0,1960.0
1139,208.0,99.0,1940.0
1140,201.0,97.0,1961.0
1141,208.0,106.0,1960.0
1142,201.0,90.0,1960.0
1143,188.0,86.0,1960.0
1144,203.0,95.0,1956.0
1145,211.0,111.0,1960.0
1146,203.0,86.0,1959.0
1147,201.0,102.0,1961.0
1148,206.0,108.0,1960.0
1149,190.0,77.0,1960.0
1150,203.0,95.0,1961.0
1151,206.0,102.0,1958.0
1152,203.0,91.0,1959.0
1153,211.0,106.0,1959.0
1154,203.0,92.0,1960.0
1155,201.0,107.0,1960.0
1156,226.0,98.0,1959.0
1157,206.0,104.0,1960.0
1158,201.0,102.0,1961.0
1159,193.0,92.0,1959.0
1160,203.0,99.0,1958.0
1161,196.0,83.0,1958.0
1162,193.0,81.0,1960.0
1163,196.0,88.0,1960.0
1164,198.0,95.0,1960.0
1165,208.0,95.0,1960.0
1166,188.0,77.0,1959.0
1167,196.0,92.0,1960.0
1168,196.0,88.0,1959.0
1169,193.0,79.0,1960.0
1170,196.0,81.0,1960.0
1171,196.0,88.0,1960.0
1172,201.0,88.0,1960.0
1173,203.0,102.0,1960.0
1174,208.0,111.0,1961.0
1175,211.0,97.0,1960.0
1176,201.0,86.0,1959.0
1177,196.0,87.0,1959.0
1178,196.0,88.0,1959.0
1179,203.0,95.0,1959.0
1180,201.0,90.0,1960.0
1181,185.0,79.0,1957.0
1182,190.0,85.0,1944.0
1183,206.0,102.0,1961.0
1184,216.0,108.0,1953.0
1185,206.0,92.0,1961.0
1186,211.0,97.0,1961.0
1187,221.0,104.0,1960.0
1188,213.0,111.0,1959.0
1189,196.0,97.0,1961.0
1190,193.0,95.0,1960.0
1191,203.0,95.0,1961.0
1192,208.0,97.0,1961.0
1193,203.0,99.0,1960.0
1194,201.0,95.0,1962.0
1195,198.0,81.0,1961.0
1196,201.0,92.0,1960.0
1197,185.0,72.0,1960.0
1198,203.0,92.0,1959.0
1199,208.0,92.0,1960.0
1200,190.0,86.0,1961.0
1201,188.0,83.0,1933.0
1202,198.0,86.0,1961.0
1203,193.0,83.0,1961.0
1204,206.0,95.0,1961.0
1205,206.0,97.0,1957.0
1206,206.0,102.0,1953.0
1207,211.0,113.0,1961.0
1208,208.0,104.0,1961.0
1209,206.0,111.0,1960.0
1210,183.0,88.0,1960.0
1211,193.0,92.0,1961.0
1212,201.0,86.0,1960.0
1213,201.0,99.0,1961.0
1214,206.0,97.0,1960.0
1215,206.0,99.0,1960.0
1216,208.0,104.0,1956.0
1217,188.0,83.0,1960.0
1218,203.0,104.0,1961.0
1219,216.0,108.0,1960.0
1220,203.0,97.0,1960.0
1221,193.0,83.0,1961.0
1222,208.0,98.0,1960.0
1223,224.0,103.0,1960.0
1224,190.0,88.0,1961.0
1225,211.0,111.0,1960.0
1226,188.0,77.0,1961.0
1227,190.0,86.0,1961.0
1228,190.0,86.0,1960.0
1229,198.0,95.0,1961.0
1230,188.0,79.0,1961.0
1231,211.0,102.0,1961.0
1232,193.0,81.0,1961.0
1233,206.0,104.0,1960.0
1234,208.0,104.0,1960.0
1235,190.0,80.0,1962.0
1236,193.0,83.0,1959.0
1237,188.0,79.0,1961.0
1238,193.0,79.0,1959.0
1239,198.0,95.0,1959.0
1240,211.0,117.0,1959.0
1241,201.0,97.0,1958.0
1242,206.0,106.0,1960.0
1243,198.0,114.0,1963.0
1244,198.0,95.0,1963.0
1245,216.0,106.0,1961.0
1246,206.0,108.0,1959.0
1247,198.0,83.0,1960.0
1248,188.0,83.0,1962.0
1249,206.0,101.0,1962.0
1250,201.0,97.0,1962.0
1251,196.0,95.0,1959.0
1252,206.0,102.0,1961.0
1253,216.0,104.0,1959.0
1254,190.0,74.0,1962.0
1255,201.0,90.0,1960.0
1256,203.0,92.0,1962.0
1257,196.0,99.0,1962.0
1258,196.0,83.0,1962.0
1259,190.0,83.0,1962.0
1260,190.0,90.0,1962.0
1261,213.0,106.0,1963.0
1262,193.0,83.0,1961.0
1263,190.0,83.0,1962.0
1264,188.0,86.0,1962.0
1265,213.0,95.0,1961.0
1266,211.0,106.0,1960.0
1267,198.0,88.0,1963.0
1268,201.0,97.0,1962.0
1269,211.0,108.0,1962.0
1270,206.0,99.0,1962.0
1271,213.0,115.0,1963.0
1272,206.0,106.0,1961.0
1273,208.0,106.0,1962.0
1274,206.0,97.0,1962.0
1275,201.0,99.0,1962.0
1276,190.0,83.0,1962.0
1277,206.0,97.0,1960.0
1278,211.0,108.0,1954.0
1279,198.0,95.0,1960.0
1280,196.0,83.0,1962.0
1281,203.0,95.0,1962.0
1282,193.0,90.0,1962.0
1283,196.0,77.0,1961.0
1284,185.0,77.0,1962.0
1285,201.0,95.0,1961.0
1286,198.0,95.0,1962.0
1287,206.0,102.0,1962.0
1288,206.0,104.0,1962.0
1289,211.0,108.0,1960.0
1290,190.0,88.0,1962.0
1291,208.0,99.0,1960.0
1292,188.0,79.0,1953.0
1293,188.0,79.0,1961.0
1294,183.0,86.0,1961.0
1295,190.0,83.0,1962.0
1296,190.0,79.0,1962.0
1297,201.0,99.0,1961.0
1298,178.0,73.0,1963.0
1299,188.0,79.0,1962.0
1300,213.0,113.0,1964.0
1301,216.0,114.0,1962.0
1302,231.0,90.0,1962.0
1303,213.0,106.0,1963.0
1304,203.0,99.0,1963.0
1305,201.0,102.0,1963.0
1306,190.0,86.0,1962.0
1307,203.0,104.0,1963.0
1308,198.0,95.0,1962.0
1309,213.0,106.0,1958.0
1310,208.0,108.0,1961.0
1311,190.0,86.0,1963.0
1312,213.0,108.0,1962.0
1313,203.0,97.0,1959.0
1314,203.0,97.0,1959.0
1315,203.0,92.0,1958.0
1316,196.0,88.0,1963.0
1317,211.0,104.0,1959.0
1318,198.0,92.0,1960.0
1319,203.0,108.0,1962.0
1320,211.0,111.0,1957.0
1321,193.0,83.0,1963.0
1322,211.0,115.0,1962.0
1323,213.0,113.0,1963.0
1324,208.0,97.0,1962.0
1325,206.0,113.0,1963.0
1326,201.0,92.0,1962.0
1327,206.0,96.0,1962.0
1328,198.0,83.0,1963.0
1329,201.0,92.0,1963.0
1330,203.0,95.0,1962.0
1331,201.0,95.0,1961.0
1332,190.0,81.0,1961.0
1333,188.0,83.0,1958.0
1334,198.0,90.0,1963.0
1335,203.0,102.0,1963.0
1336,193.0,81.0,1961.0
1337,206.0,88.0,1963.0
1338,190.0,88.0,1963.0
1339,213.0,113.0,1962.0
1340,203.0,90.0,1962.0
1341,196.0,88.0,1959.0
1342,206.0,97.0,1963.0
1343,201.0,85.0,1962.0
1344,213.0,113.0,1962.0
1345,203.0,99.0,1962.0
1346,208.0,99.0,1963.0
1347,208.0,102.0,1962.0
1348,206.0,108.0,1964.0
1349,188.0,80.0,1962.0
1350,216.0,115.0,1963.0
1351,188.0,83.0,1963.0
1352,168.0,60.0,1963.0
1353,213.0,111.0,1963.0
1354,198.0,83.0,1963.0
1355,201.0,86.0,1965.0
1356,203.0,90.0,1962.0
1357,201.0,97.0,1964.0
1358,203.0,98.0,1963.0
1359,213.0,102.0,1963.0
1360,203.0,97.0,1964.0
1361,203.0,106.0,1961.0
1362,201.0,83.0,1963.0
1363,206.0,116.0,1963.0
1364,206.0,106.0,1961.0
1365,193.0,86.0,1964.0
1366,213.0,111.0,1965.0
1367,188.0,74.0,1963.0
1368,190.0,88.0,1964.0
1369,216.0,113.0,1962.0
1370,213.0,124.0,1964.0
1371,211.0,106.0,1962.0
1372,203.0,102.0,1964.0
1373,196.0,92.0,1963.0
1374,198.0,83.0,1964.0
1375,203.0,95.0,1965.0
1376,193.0,88.0,1964.0
1377,201.0,88.0,1963.0
1378,190.0,86.0,1963.0
1379,190.0,83.0,1964.0
1380,201.0,86.0,1964.0
1381,203.0,99.0,1944.0
1382,198.0,88.0,1962.0
1383,208.0,111.0,1964.0
1384,206.0,106.0,1964.0
1385,206.0,99.0,1964.0
1386,208.0,104.0,1960.0
1387,198.0,90.0,1964.0
1388,201.0,90.0,1963.0
1389,196.0,88.0,1964.0
1390,211.0,106.0,1962.0
1391,198.0,81.0,1963.0
1392,201.0,86.0,1963.0
1393,188.0,77.0,1963.0
1394,203.0,99.0,1964.0
1395,196.0,81.0,1963.0
1396,201.0,95.0,1963.0
1397,183.0,77.0,1964.0
1398,201.0,95.0,1961.0
1399,208.0,102.0,1963.0
1400,196.0,90.0,1962.0
1401,211.0,104.0,1964.0
1402,213.0,95.0,1962.0
1403,196.0,79.0,1961.0
1404,185.0,81.0,1964.0
1405,198.0,95.0,1964.0
1406,190.0,77.0,1965.0
1407,196.0,95.0,1964.0
1408,211.0,104.0,1964.0
1409,201.0,88.0,1963.0
1410,180.0,72.0,1964.0
1411,203.0,95.0,1964.0
1412,211.0,102.0,1965.0
1413,188.0,86.0,1964.0
1414,188.0,83.0,1951.0
1415,196.0,83.0,1963.0
1416,211.0,102.0,1962.0
1417,196.0,95.0,1963.0
1418,211.0,99.0,1962.0
1419,188.0,83.0,1964.0
1420,208.0,104.0,1964.0
1421,206.0,104.0,1965.0
1422,198.0,95.0,1966.0
1423,193.0,77.0,1965.0
1424,160.0,61.0,1965.0
1425,203.0,95.0,1961.0
1426,206.0,92.0,1964.0
1427,201.0,105.0,1965.0
1428,180.0,77.0,1965.0
1429,188.0,81.0,1950.0
1430,193.0,86.0,1964.0
1431,208.0,102.0,1965.0
1432,196.0,95.0,1965.0
1433,188.0,77.0,1964.0
1434,206.0,104.0,1964.0
1435,208.0,97.0,1965.0
1436,196.0,88.0,1964.0
1437,211.0,106.0,1964.0
1438,196.0,90.0,1965.0
1439,178.0,74.0,1960.0
1440,185.0,81.0,1965.0
1441,201.0,97.0,1949.0
1442,206.0,99.0,1965.0
1443,203.0,108.0,1962.0
1444,193.0,95.0,1964.0
1445,198.0,90.0,1963.0
1446,201.0,88.0,1965.0
1447,211.0,104.0,1964.0
1448,206.0,92.0,1966.0
1449,201.0,83.0,1965.0
1450,206.0,97.0,1964.0
1451,213.0,117.0,1962.0
1452,196.0,102.0,1964.0
1453,206.0,99.0,1963.0
1454,218.0,117.0,1965.0
1455,203.0,97.0,1964.0
1456,203.0,95.0,1965.0
1457,211.0,99.0,1964.0
1458,198.0,104.0,1964.0
1459,203.0,96.0,1963.0
1460,206.0,99.0,1965.0
1461,190.0,77.0,1965.0
1462,208.0,117.0,1958.0
1463,180.0,72.0,1965.0
1464,196.0,83.0,1963.0
1465,193.0,97.0,1964.0
1466,193.0,88.0,1964.0
1467,213.0,111.0,1964.0
1468,185.0,83.0,1959.0
1469,203.0,90.0,1965.0
1470,188.0,77.0,1965.0
1471,201.0,86.0,1964.0
1472,203.0,90.0,1964.0
1473,196.0,90.0,1956.0
1474,203.0,102.0,1964.0
1475,211.0,104.0,1964.0
1476,208.0,104.0,1964.0
1477,203.0,99.0,1965.0
1478,180.0,83.0,1966.0
1479,201.0,86.0,1967.0
1480,203.0,92.0,1964.0
1481,198.0,86.0,1963.0
1482,180.0,74.0,1965.0
1483,206.0,111.0,1965.0
1484,211.0,108.0,1966.0
1485,208.0,104.0,1964.0
1486,193.0,83.0,1967.0
1487,201.0,88.0,1967.0
1488,198.0,88.0,1963.0
1489,196.0,97.0,1966.0
1490,196.0,99.0,1966.0
1491,190.0,86.0,1965.0
1492,203.0,111.0,1966.0
1493,216.0,108.0,1964.0
1494,201.0,94.0,1965.0
1495,201.0,92.0,1964.0
1496,190.0,88.0,1965.0
1497,188.0,83.0,1966.0
1498,213.0,106.0,1965.0
1499,203.0,99.0,1965.0
1500,198.0,97.0,1964.0
1501,190.0,83.0,1965.0
1502,203.0,88.0,1965.0
1503,198.0,104.0,1967.0
1504,196.0,90.0,1965.0
1505,208.0,108.0,1964.0
1506,190.0,86.0,1966.0
1507,216.0,111.0,1966.0
1508,178.0,79.0,1965.0
1509,201.0,79.0,1966.0
1510,206.0,95.0,1966.0
1511,190.0,79.0,1965.0
1512,201.0,88.0,1966.0
1513,198.0,104.0,1966.0
1514,211.0,111.0,1966.0
1515,211.0,120.0,1966.0
1516,180.0,74.0,1963.0
1517,206.0,102.0,1966.0
1518,203.0,102.0,1966.0
1519,198.0,97.0,1965.0
1520,208.0,104.0,1966.0
1521,193.0,81.0,1965.0
1522,201.0,92.0,1966.0
1523,203.0,95.0,1966.0
1524,190.0,86.0,1966.0
1525,196.0,74.0,1964.0
1526,208.0,102.0,1963.0
1527,213.0,108.0,1965.0
1528,206.0,90.0,1965.0
1529,208.0,99.0,1964.0
1530,188.0,77.0,1964.0
1531,196.0,97.0,1965.0
1532,208.0,117.0,1966.0
1533,183.0,77.0,1965.0
1534,196.0,81.0,1964.0
1535,203.0,113.0,1961.0
1536,211.0,104.0,1965.0
1537,208.0,102.0,1966.0
1538,211.0,106.0,1964.0
1539,198.0,86.0,1966.0
1540,185.0,79.0,1964.0
1541,208.0,104.0,1965.0
1542,224.0,113.0,1966.0
1543,190.0,81.0,1965.0
1544,188.0,79.0,1966.0
1545,196.0,90.0,1940.0
1546,211.0,97.0,1965.0
1547,193.0,79.0,1965.0
1548,201.0,106.0,1965.0
1549,188.0,81.0,1963.0
1550,193.0,83.0,1966.0
1551,188.0,82.0,1945.0
1552,206.0,102.0,1964.0
1553,198.0,92.0,1968.0
1554,201.0,102.0,1967.0
1555,180.0,73.0,1967.0
1556,198.0,95.0,1964.0
1557,201.0,95.0,1965.0
1558,183.0,81.0,1967.0
1559,201.0,97.0,1968.0
1560,203.0,99.0,1965.0
1561,198.0,95.0,1967.0
1562,206.0,113.0,1964.0
1563,198.0,97.0,1966.0
1564,203.0,120.0,1966.0
1565,198.0,86.0,1965.0
1566,206.0,102.0,1967.0
1567,185.0,77.0,1967.0
1568,183.0,81.0,1966.0
1569,206.0,95.0,1966.0
1570,193.0,90.0,1965.0
1571,213.0,102.0,1955.0
1572,203.0,92.0,1968.0
1573,206.0,95.0,1967.0
1574,203.0,90.0,1963.0
1575,170.0,63.0,1966.0
1576,190.0,81.0,1966.0
1577,206.0,97.0,1967.0
1578,183.0,79.0,1966.0
1579,206.0,99.0,1967.0
1580,203.0,104.0,1967.0
1581,196.0,86.0,1966.0
1582,193.0,86.0,1967.0
1583,188.0,92.0,1966.0
1584,203.0,95.0,1966.0
1585,208.0,104.0,1969.0
1586,180.0,69.0,1966.0
1587,211.0,104.0,1967.0
1588,206.0,102.0,1967.0
1589,188.0,81.0,1966.0
1590,193.0,90.0,1966.0
1591,216.0,113.0,1967.0
1592,190.0,77.0,1965.0
1593,193.0,92.0,1967.0
1594,198.0,86.0,1966.0
1595,196.0,88.0,1967.0
1596,201.0,113.0,1966.0
1597,198.0,110.0,1964.0
1598,203.0,108.0,1967.0
1599,198.0,92.0,1967.0
1600,193.0,86.0,1964.0
1601,208.0,102.0,1964.0
1602,198.0,95.0,1963.0
1603,193.0,88.0,1967.0
1604,190.0,81.0,1967.0
1605,201.0,95.0,1967.0
1606,203.0,88.0,1966.0
1607,203.0,106.0,1966.0
1608,201.0,97.0,1967.0
1609,185.0,81.0,1966.0
1610,206.0,99.0,1960.0
1611,216.0,106.0,1965.0
1612,211.0,115.0,1967.0
1613,203.0,95.0,1966.0
1614,188.0,81.0,1962.0
1615,203.0,102.0,1966.0
1616,188.0,90.0,1963.0
1617,208.0,102.0,1965.0
1618,190.0,86.0,1967.0
1619,203.0,99.0,1966.0
1620,198.0,90.0,1967.0
1621,203.0,108.0,1967.0
1622,188.0,82.0,1945.0
1623,188.0,81.0,1966.0
1624,208.0,108.0,1968.0
1625,188.0,83.0,1942.0
1626,201.0,89.0,1967.0
1627,213.0,108.0,1968.0
1628,203.0,95.0,1968.0
1629,193.0,86.0,1966.0
1630,203.0,97.0,1968.0
1631,185.0,72.0,1968.0
1632,198.0,99.0,1968.0
1633,208.0,97.0,1967.0
1634,203.0,95.0,1968.0
1635,198.0,81.0,1966.0
1636,211.0,97.0,1968.0
1637,213.0,108.0,1968.0
1638,198.0,86.0,1969.0
1639,198.0,96.0,1965.0
1640,208.0,104.0,1967.0
1641,185.0,81.0,1968.0
1642,206.0,92.0,1967.0
1643,201.0,97.0,1967.0
1644,196.0,95.0,1963.0
1645,208.0,104.0,1966.0
1646,211.0,108.0,1968.0
1647,196.0,86.0,1968.0
1648,196.0,88.0,1968.0
1649,196.0,100.0,1967.0
1650,208.0,113.0,1967.0
1651,213.0,106.0,1960.0
1652,190.0,86.0,1967.0
1653,180.0,80.0,1968.0
1654,206.0,92.0,1968.0
1655,206.0,108.0,1968.0
1656,196.0,86.0,1967.0
1657,203.0,99.0,1965.0
1658,213.0,107.0,1967.0
1659,211.0,104.0,1967.0
1660,193.0,86.0,1966.0
1661,185.0,79.0,1967.0
1662,190.0,86.0,1967.0
1663,203.0,92.0,1968.0
1664,203.0,108.0,1967.0
1665,206.0,99.0,1967.0
1666,188.0,86.0,1968.0
1667,208.0,104.0,1967.0
1668,206.0,102.0,1967.0
1669,208.0,107.0,1969.0
1670,208.0,113.0,1968.0
1671,218.0,108.0,1967.0
1672,193.0,95.0,1968.0
1673,201.0,92.0,1965.0
1674,216.0,97.0,1968.0
1675,193.0,81.0,1968.0
1676,190.0,81.0,1967.0
1677,190.0,81.0,1968.0
1678,188.0,88.0,1966.0
1679,206.0,113.0,1967.0
1680,216.0,117.0,1968.0
1681,203.0,103.0,1968.0
1682,201.0,95.0,1968.0
1683,213.0,120.0,1968.0
1684,203.0,102.0,1966.0
1685,198.0,95.0,1966.0
1686,206.0,104.0,1968.0
1687,206.0,108.0,1968.0
1688,188.0,79.0,1961.0
1689,208.0,104.0,1968.0
1690,201.0,95.0,1968.0
1691,196.0,95.0,1966.0
1692,190.0,83.0,1947.0
1693,206.0,120.0,1969.0
1694,183.0,76.0,1970.0
1695,183.0,79.0,1967.0
1696,203.0,92.0,1968.0
1697,208.0,115.0,1969.0
1698,196.0,86.0,1968.0
1699,203.0,99.0,1968.0
1700,180.0,81.0,1970.0
1701,198.0,90.0,1969.0
1702,190.0,81.0,1969.0
1703,203.0,99.0,1965.0
1704,185.0,74.0,1969.0
1705,208.0,104.0,1968.0
1706,208.0,101.0,1968.0
1707,208.0,124.0,1964.0
1708,183.0,83.0,1968.0
1709,196.0,97.0,1969.0
1710,211.0,104.0,1969.0
1711,206.0,106.0,1969.0
1712,211.0,108.0,1967.0
1713,208.0,95.0,1940.0
1714,201.0,104.0,1969.0
1715,208.0,99.0,1967.0
1716,198.0,90.0,1967.0
1717,196.0,95.0,1970.0
1718,206.0,97.0,1966.0
1719,213.0,104.0,1969.0
1720,198.0,92.0,1967.0
1721,183.0,81.0,1965.0
1722,178.0,79.0,1968.0
1723,218.0,117.0,1969.0
1724,196.0,90.0,1964.0
1725,218.0,120.0,1969.0
1726,196.0,88.0,1968.0
1727,196.0,83.0,1969.0
1728,190.0,79.0,1968.0
1729,190.0,83.0,1968.0
1730,193.0,90.0,1965.0
1731,185.0,86.0,1968.0
1732,218.0,111.0,1966.0
1733,196.0,92.0,1969.0
1734,203.0,99.0,1969.0
1735,201.0,102.0,1969.0
1736,188.0,81.0,1969.0
1737,183.0,68.0,1969.0
1738,196.0,95.0,1969.0
1739,203.0,106.0,1967.0
1740,213.0,129.0,1970.0
1741,203.0,97.0,1958.0
1742,201.0,90.0,1969.0
1743,203.0,99.0,1968.0
1744,203.0,99.0,1968.0
1745,193.0,86.0,1968.0
1746,188.0,77.0,1967.0
1747,193.0,79.0,1969.0
1748,190.0,79.0,1969.0
1749,193.0,83.0,1968.0
1750,203.0,111.0,1967.0
1751,206.0,99.0,1970.0
1752,206.0,106.0,1969.0
1753,193.0,88.0,1969.0
1754,183.0,79.0,1969.0
1755,198.0,113.0,1970.0
1756,201.0,97.0,1966.0
1757,196.0,90.0,1969.0
1758,201.0,101.0,1970.0
1759,198.0,90.0,1970.0
1760,185.0,83.0,1969.0
1761,203.0,106.0,1969.0
1762,185.0,83.0,1969.0
1763,201.0,92.0,1967.0
1764,196.0,83.0,1970.0
1765,198.0,85.0,1970.0
1766,201.0,95.0,1967.0
1767,203.0,108.0,1970.0
1768,213.0,110.0,1969.0
1769,185.0,83.0,1970.0
1770,208.0,108.0,1969.0
1771,208.0,115.0,1969.0
1772,206.0,99.0,1970.0
1773,196.0,113.0,1969.0
1774,206.0,102.0,1970.0
1775,198.0,99.0,1970.0
1776,170.0,72.0,1968.0
1777,201.0,95.0,1970.0
1778,208.0,99.0,1968.0
1779,206.0,104.0,1970.0
1780,211.0,106.0,1969.0
1781,201.0,99.0,1970.0
1782,208.0,106.0,1970.0
1783,203.0,113.0,1969.0
1784,185.0,78.0,1970.0
1785,206.0,127.0,1970.0
1786,196.0,95.0,1971.0
1787,203.0,103.0,1969.0
1788,208.0,108.0,1970.0
1789,201.0,102.0,1971.0
1790,193.0,90.0,1967.0
1791,216.0,147.0,1972.0
1792,188.0,74.0,1969.0
1793,190.0,86.0,1969.0
1794,193.0,94.0,1969.0
1795,185.0,74.0,1968.0
1796,208.0,111.0,1966.0
1797,208.0,113.0,1969.0
1798,203.0,86.0,1970.0
1799,208.0,104.0,1965.0
1800,208.0,108.0,1970.0
1801,198.0,95.0,1964.0
1802,213.0,122.0,1969.0
1803,196.0,86.0,1970.0
1804,196.0,88.0,1963.0
1805,196.0,94.0,1970.0
1806,198.0,108.0,1970.0
1807,206.0,115.0,1970.0
1808,211.0,113.0,1970.0
1809,188.0,86.0,1970.0
1810,206.0,90.0,1969.0
1811,178.0,83.0,1970.0
1812,201.0,108.0,1969.0
1813,211.0,105.0,1971.0
1814,206.0,108.0,1969.0
1815,229.0,106.0,1972.0
1816,203.0,117.0,1971.0
1817,201.0,98.0,1971.0
1818,188.0,77.0,1946.0
1819,190.0,83.0,1969.0
1820,201.0,94.0,1971.0
1821,196.0,95.0,1968.0
1822,206.0,97.0,1968.0
1823,190.0,81.0,1955.0
1824,188.0,86.0,1971.0
1825,190.0,92.0,1970.0
1826,208.0,108.0,1970.0
1827,203.0,97.0,1971.0
1828,201.0,99.0,1971.0
1829,196.0,90.0,1970.0
1830,185.0,86.0,1971.0
1831,208.0,115.0,1969.0
1832,201.0,92.0,1965.0
1833,185.0,81.0,1967.0
1834,193.0,78.0,1970.0
1835,206.0,101.0,1967.0
1836,213.0,118.0,1969.0
1837,201.0,88.0,1971.0
1838,196.0,86.0,1970.0
1839,211.0,102.0,1970.0
1840,211.0,113.0,1970.0
1841,201.0,86.0,1967.0
1842,198.0,90.0,1971.0
1843,188.0,77.0,1970.0
1844,183.0,74.0,1971.0
1845,190.0,83.0,1970.0
1846,201.0,99.0,1970.0
1847,188.0,92.0,1966.0
1848,203.0,113.0,1970.0
1849,180.0,77.0,1970.0
1850,193.0,88.0,1968.0
1851,206.0,106.0,1970.0
1852,203.0,97.0,1969.0
1853,203.0,98.0,1970.0
1854,206.0,112.0,1970.0
1855,193.0,90.0,1969.0
1856,213.0,113.0,1969.0
1857,203.0,108.0,1972.0
1858,196.0,79.0,1971.0
1859,198.0,97.0,1970.0
1860,208.0,106.0,1969.0
1861,203.0,95.0,1971.0
1862,208.0,122.0,1970.0
1863,208.0,117.0,1969.0
1864,196.0,97.0,1971.0
1865,213.0,111.0,1970.0
1866,198.0,95.0,1955.0
1867,201.0,106.0,1971.0
1868,201.0,102.0,1970.0
1869,211.0,117.0,1971.0
1870,211.0,113.0,1970.0
1871,193.0,86.0,1970.0
1872,206.0,111.0,1973.0
1873,216.0,113.0,1970.0
1874,183.0,86.0,1970.0
1875,183.0,76.0,1971.0
1876,206.0,99.0,1971.0
1877,218.0,122.0,1971.0
1878,211.0,102.0,1972.0
1879,183.0,77.0,1968.0
1880,183.0,77.0,1970.0
1881,183.0,86.0,1968.0
1882,201.0,97.0,1970.0
1883,190.0,88.0,1967.0
1884,206.0,99.0,1972.0
1885,213.0,120.0,1972.0
1886,198.0,86.0,1972.0
1887,188.0,80.0,1972.0
1888,211.0,106.0,1969.0
1889,206.0,115.0,1972.0
1890,201.0,92.0,1971.0
1891,193.0,86.0,1969.0
1892,203.0,102.0,1972.0
1893,203.0,92.0,1967.0
1894,206.0,108.0,1973.0
1895,196.0,90.0,1971.0
1896,208.0,102.0,1956.0
1897,193.0,92.0,1973.0
1898,211.0,111.0,1966.0
1899,193.0,86.0,1972.0
1900,206.0,98.0,1973.0
1901,180.0,77.0,1971.0
1902,216.0,108.0,1972.0
1903,196.0,94.0,1972.0
1904,206.0,102.0,1971.0
1905,198.0,95.0,1971.0
1906,211.0,106.0,1970.0
1907,213.0,122.0,1971.0
1908,201.0,88.0,1971.0
1909,201.0,107.0,1973.0
1910,206.0,111.0,1970.0
1911,208.0,115.0,1971.0
1912,198.0,88.0,1971.0
1913,193.0,82.0,1972.0
1914,201.0,97.0,1970.0
1915,190.0,86.0,1967.0
1916,190.0,90.0,1972.0
1917,201.0,102.0,1973.0
1918,211.0,99.0,1971.0
1919,203.0,95.0,1973.0
1920,211.0,111.0,1972.0
1921,185.0,83.0,1970.0
1922,206.0,112.0,1972.0
1923,201.0,97.0,1970.0
1924,206.0,95.0,1970.0
1925,196.0,104.0,1971.0
1926,193.0,87.0,1970.0
1927,203.0,99.0,1969.0
1928,193.0,86.0,1971.0
1929,188.0,86.0,1970.0
1930,201.0,86.0,1972.0
1931,203.0,102.0,1971.0
1932,203.0,116.0,1974.0
1933,211.0,117.0,1973.0
1934,185.0,83.0,1973.0
1935,193.0,83.0,1973.0
1936,208.0,122.0,1970.0
1937,203.0,104.0,1971.0
1938,198.0,83.0,1971.0
1939,185.0,86.0,1971.0
1940,198.0,106.0,1973.0
1941,180.0,82.0,1972.0
1942,185.0,83.0,1972.0
1943,196.0,88.0,1973.0
1944,203.0,104.0,1970.0
1945,203.0,109.0,1973.0
1946,203.0,115.0,1973.0
1947,196.0,93.0,1974.0
1948,188.0,85.0,1972.0
1949,198.0,88.0,1972.0
1950,213.0,120.0,1970.0
1951,213.0,114.0,1971.0
1952,208.0,104.0,1973.0
1953,178.0,68.0,1973.0
1954,201.0,97.0,1973.0
1955,201.0,95.0,1972.0
1956,185.0,82.0,1971.0
1957,218.0,149.0,1975.0
1958,203.0,102.0,1967.0
1959,206.0,106.0,1972.0
1960,193.0,92.0,1972.0
1961,201.0,95.0,1970.0
1962,185.0,83.0,1972.0
1963,188.0,79.0,1941.0
1964,193.0,92.0,1973.0
1965,208.0,106.0,1969.0
1966,196.0,95.0,1975.0
1967,211.0,114.0,1970.0
1968,206.0,98.0,1973.0
1969,196.0,96.0,1971.0
1970,193.0,81.0,1972.0
1971,206.0,99.0,1974.0
1972,208.0,116.0,1972.0
1973,196.0,83.0,1972.0
1974,213.0,113.0,1970.0
1975,180.0,79.0,1972.0
1976,203.0,100.0,1972.0
1977,218.0,127.0,1973.0
1978,208.0,102.0,1973.0
1979,213.0,124.0,1973.0
1980,203.0,113.0,1973.0
1981,190.0,83.0,1973.0
1982,185.0,88.0,1972.0
1983,201.0,99.0,1972.0
1984,213.0,106.0,1944.0
1985,190.0,86.0,1973.0
1986,198.0,98.0,1974.0
1987,178.0,77.0,1973.0
1988,196.0,90.0,1973.0
1989,206.0,115.0,1973.0
1990,206.0,104.0,1972.0
1991,203.0,113.0,1974.0
1992,203.0,97.0,1971.0
1993,211.0,99.0,1952.0
1994,208.0,102.0,1974.0
1995,203.0,105.0,1971.0
1996,206.0,108.0,1972.0
1997,203.0,99.0,1972.0
1998,188.0,86.0,1970.0
1999,213.0,113.0,1973.0
2000,206.0,102.0,1976.0
2001,203.0,99.0,1965.0
2002,198.0,94.0,1973.0
2003,193.0,83.0,1970.0
2004,201.0,83.0,1971.0
2005,190.0,83.0,1974.0
2006,211.0,99.0,1974.0
2007,208.0,120.0,1969.0
2008,211.0,120.0,1975.0
2009,206.0,108.0,1972.0
2010,193.0,88.0,1968.0
2011,185.0,85.0,1974.0
2012,196.0,97.0,1973.0
2013,203.0,99.0,1973.0
2014,206.0,115.0,1974.0
2015,185.0,90.0,1974.0
2016,193.0,81.0,1958.0
2017,208.0,102.0,1966.0
2018,188.0,84.0,1973.0
2019,201.0,108.0,1972.0
2020,201.0,106.0,1969.0
2021,201.0,99.0,1973.0
2022,213.0,111.0,1973.0
2023,206.0,106.0,1974.0
2024,183.0,80.0,1972.0
2025,206.0,99.0,1974.0
2026,183.0,74.0,1975.0
2027,196.0,81.0,1974.0
2028,213.0,106.0,1974.0
2029,224.0,147.0,1973.0
2030,193.0,94.0,1975.0
2031,211.0,129.0,1973.0
2032,190.0,87.0,1971.0
2033,188.0,81.0,1977.0
2034,208.0,104.0,1974.0
2035,211.0,106.0,1973.0
2036,193.0,86.0,1974.0
2037,190.0,88.0,1974.0
2038,190.0,94.0,1972.0
2039,190.0,86.0,1969.0
2040,185.0,79.0,1973.0
2041,206.0,101.0,1972.0
2042,208.0,127.0,1975.0
2043,196.0,90.0,1974.0
2044,201.0,106.0,1971.0
2045,201.0,113.0,1974.0
2046,213.0,104.0,1970.0
2047,201.0,102.0,1974.0
2048,208.0,113.0,1971.0
2049,198.0,81.0,1972.0
2050,208.0,113.0,1972.0
2051,201.0,90.0,1969.0
2052,201.0,102.0,1970.0
2053,201.0,95.0,1973.0
2054,190.0,95.0,1973.0
2055,211.0,104.0,1968.0
2056,193.0,86.0,1955.0
2057,206.0,108.0,1976.0
2058,206.0,108.0,1974.0
2059,203.0,102.0,1974.0
2060,178.0,72.0,1969.0
2061,206.0,93.0,1973.0
2062,188.0,92.0,1945.0
2063,198.0,101.0,1974.0
2064,196.0,87.0,1974.0
2065,196.0,86.0,1973.0
2066,211.0,104.0,1976.0
2067,190.0,91.0,1976.0
2068,206.0,99.0,1973.0
2069,198.0,102.0,1974.0
2070,193.0,86.0,1972.0
2071,211.0,115.0,1974.0
2072,221.0,96.0,1976.0
2073,193.0,88.0,1973.0
2074,201.0,90.0,1924.0
2075,206.0,106.0,1975.0
2076,206.0,106.0,1975.0
2077,211.0,113.0,1974.0
2078,193.0,88.0,1975.0
2079,211.0,113.0,1976.0
2080,206.0,110.0,1970.0
2081,201.0,117.0,1976.0
2082,208.0,113.0,1975.0
2083,206.0,104.0,1970.0
2084,178.0,70.0,1975.0
2085,188.0,83.0,1974.0
2086,190.0,95.0,1975.0
2087,206.0,104.0,1974.0
2088,203.0,88.0,1968.0
2089,206.0,111.0,1974.0
2090,185.0,77.0,1976.0
2091,185.0,83.0,1973.0
2092,196.0,97.0,1932.0
2093,203.0,99.0,1975.0
2094,178.0,78.0,1975.0
2095,188.0,95.0,1973.0
2096,211.0,108.0,1974.0
2097,208.0,105.0,1969.0
2098,201.0,95.0,1976.0
2099,201.0,102.0,1973.0
2100,196.0,94.0,1975.0
2101,193.0,88.0,1972.0
2102,198.0,97.0,1975.0
2103,211.0,120.0,1975.0
2104,208.0,106.0,1972.0
2105,198.0,102.0,1973.0
2106,196.0,95.0,1975.0
2107,183.0,76.0,1976.0
2108,203.0,108.0,1973.0
2109,208.0,104.0,1975.0
2110,213.0,119.0,1971.0
2111,206.0,99.0,1974.0
2112,206.0,117.0,1976.0
2113,198.0,92.0,1948.0
2114,208.0,104.0,1977.0
2115,185.0,86.0,1975.0
2116,193.0,86.0,1974.0
2117,196.0,104.0,1974.0
2118,183.0,74.0,1973.0
2119,198.0,97.0,1975.0
2120,198.0,97.0,1969.0
2121,208.0,117.0,1973.0
2122,198.0,96.0,1975.0
2123,185.0,79.0,1969.0
2124,198.0,90.0,1978.0
2125,185.0,86.0,1978.0
2126,165.0,61.0,1976.0
2127,190.0,95.0,1975.0
2128,198.0,99.0,1977.0
2129,211.0,99.0,1975.0
2130,198.0,88.0,1979.0
2131,196.0,86.0,1975.0
2132,211.0,118.0,1977.0
2133,188.0,83.0,1974.0
2134,188.0,84.0,1975.0
2135,206.0,107.0,1976.0
2136,213.0,111.0,1974.0
2137,201.0,104.0,1976.0
2138,196.0,83.0,1979.0
2139,188.0,86.0,1962.0
2140,193.0,97.0,1975.0
2141,213.0,136.0,1975.0
2142,203.0,101.0,1976.0
2143,190.0,83.0,1976.0
2144,211.0,111.0,1974.0
2145,183.0,79.0,1928.0
2146,211.0,108.0,1976.0
2147,198.0,90.0,1963.0
2148,196.0,90.0,1974.0
2149,183.0,79.0,1977.0
2150,208.0,113.0,1975.0
2151,201.0,90.0,1975.0
2152,208.0,111.0,1977.0
2153,203.0,100.0,1975.0
2154,211.0,110.0,1976.0
2155,193.0,86.0,1975.0
2156,208.0,100.0,1977.0
2157,211.0,102.0,1975.0
2158,203.0,111.0,1973.0
2159,198.0,102.0,1976.0
2160,213.0,122.0,1975.0
2161,206.0,107.0,1975.0
2162,196.0,101.0,1975.0
2163,201.0,106.0,1977.0
2164,211.0,117.0,1975.0
2165,190.0,86.0,1974.0
2166,190.0,91.0,1975.0
2167,193.0,106.0,1974.0
2168,206.0,115.0,1976.0
2169,211.0,97.0,1975.0
2170,203.0,128.0,1977.0
2171,196.0,95.0,1976.0
2172,178.0,74.0,1975.0
2173,206.0,131.0,1976.0
2174,206.0,108.0,1968.0
2175,185.0,91.0,1975.0
2176,213.0,124.0,1974.0
2177,188.0,77.0,1976.0
2178,180.0,72.0,1974.0
2179,188.0,89.0,1979.0
2180,211.0,104.0,1976.0
2181,208.0,111.0,1977.0
2182,201.0,97.0,1975.0
2183,196.0,88.0,1973.0
2184,203.0,124.0,1979.0
2185,193.0,95.0,1976.0
2186,196.0,85.0,1977.0
2187,185.0,86.0,1975.0
2188,193.0,80.0,1977.0
2189,190.0,83.0,1976.0
2190,190.0,94.0,1979.0
2191,193.0,83.0,1975.0
2192,206.0,122.0,1975.0
2193,211.0,115.0,1975.0
2194,211.0,107.0,1977.0
2195,190.0,88.0,1977.0
2196,203.0,99.0,1977.0
2197,196.0,103.0,1978.0
2198,196.0,98.0,1974.0
2199,198.0,83.0,1978.0
2200,188.0,89.0,1975.0
2201,203.0,100.0,1976.0
2202,196.0,97.0,1962.0
2203,193.0,92.0,1976.0
2204,201.0,96.0,1976.0
2205,203.0,117.0,1976.0
2206,193.0,83.0,1954.0
2207,203.0,98.0,1979.0
2208,206.0,125.0,1977.0
2209,190.0,89.0,1976.0
2210,201.0,97.0,1977.0
2211,213.0,127.0,1976.0
2212,198.0,98.0,1979.0
2213,201.0,99.0,1978.0
2214,206.0,102.0,1971.0
2215,188.0,79.0,1975.0
2216,208.0,99.0,1979.0
2217,206.0,108.0,1976.0
2218,190.0,88.0,1978.0
2219,203.0,97.0,1977.0
2220,196.0,92.0,1977.0
2221,221.0,113.0,1976.0
2222,196.0,86.0,1976.0
2223,203.0,95.0,1976.0
2224,206.0,111.0,1977.0
2225,198.0,95.0,1949.0
2226,188.0,83.0,1977.0
2227,198.0,97.0,1973.0
2228,201.0,118.0,1977.0
2229,188.0,86.0,1976.0
2230,190.0,81.0,1974.0
2231,213.0,99.0,1976.0
2232,185.0,83.0,1973.0
2233,185.0,80.0,1978.0
2234,196.0,92.0,1976.0
2235,213.0,104.0,1975.0
2236,203.0,111.0,1977.0
2237,188.0,92.0,1977.0
2238,193.0,88.0,1973.0
2239,183.0,79.0,1975.0
2240,196.0,90.0,1980.0
2241,190.0,88.0,1980.0
2242,178.0,90.0,1979.0
2243,206.0,118.0,1978.0
2244,206.0,111.0,1973.0
2245,183.0,86.0,1978.0
2246,208.0,99.0,1976.0
2247,211.0,113.0,1975.0
2248,190.0,83.0,1978.0
2249,203.0,99.0,1980.0
2250,185.0,81.0,1978.0
2251,185.0,81.0,1965.0
2252,190.0,83.0,1970.0
2253,193.0,83.0,1954.0
2254,218.0,142.0,1973.0
2255,211.0,99.0,1977.0
2256,206.0,113.0,1972.0
2257,206.0,108.0,1976.0
2258,211.0,117.0,1978.0
2259,206.0,106.0,1977.0
2260,201.0,101.0,1977.0
2261,213.0,122.0,1977.0
2262,193.0,95.0,1978.0
2263,213.0,120.0,1979.0
2264,203.0,98.0,1980.0
2265,208.0,106.0,1978.0
2266,211.0,112.0,1976.0
2267,203.0,111.0,1973.0
2268,206.0,107.0,1975.0
2269,203.0,108.0,1976.0
2270,201.0,99.0,1975.0
2271,206.0,100.0,1977.0
2272,190.0,83.0,1974.0
2273,201.0,98.0,1977.0
2274,201.0,98.0,1978.0
2275,196.0,97.0,1978.0
2276,216.0,115.0,1979.0
2277,198.0,99.0,1979.0
2278,198.0,101.0,1980.0
2279,201.0,97.0,1976.0
2280,198.0,95.0,1955.0
2281,193.0,88.0,1977.0
2282,216.0,116.0,1976.0
2283,211.0,113.0,1977.0
2284,208.0,102.0,1965.0
2285,206.0,102.0,1979.0
2286,196.0,90.0,1973.0
2287,211.0,111.0,1977.0
2288,208.0,115.0,1978.0
2289,208.0,111.0,1978.0
2290,190.0,86.0,1982.0
2291,196.0,85.0,1980.0
2292,188.0,91.0,1979.0
2293,203.0,99.0,1978.0
2294,190.0,90.0,1979.0
2295,213.0,116.0,1978.0
2296,208.0,111.0,1979.0
2297,193.0,83.0,1980.0
2298,188.0,79.0,1923.0
2299,213.0,110.0,1979.0
2300,201.0,100.0,1981.0
2301,188.0,85.0,1979.0
2302,180.0,75.0,1978.0
2303,193.0,88.0,1973.0
2304,193.0,88.0,1973.0
2305,183.0,83.0,1979.0
2306,211.0,115.0,1981.0
2307,196.0,99.0,1978.0
2308,193.0,95.0,1975.0
2309,185.0,86.0,1971.0
2310,193.0,87.0,1981.0
2311,203.0,99.0,1976.0
2312,208.0,99.0,1982.0
2313,203.0,99.0,1978.0
2314,196.0,90.0,1979.0
2315,206.0,109.0,1979.0
2316,213.0,121.0,1979.0
2317,213.0,99.0,1981.0
2318,188.0,85.0,1975.0
2319,201.0,105.0,1980.0
2320,201.0,90.0,1947.0
2321,211.0,120.0,1978.0
2322,206.0,100.0,1979.0
2323,211.0,111.0,1980.0
2324,180.0,81.0,1978.0
2325,206.0,117.0,1981.0
2326,198.0,99.0,1981.0
2327,196.0,86.0,1979.0
2328,198.0,90.0,1979.0
2329,188.0,84.0,1981.0
2330,206.0,109.0,1978.0
2331,206.0,102.0,1976.0
2332,201.0,95.0,1980.0
2333,185.0,83.0,1978.0
2334,206.0,116.0,1978.0
2335,190.0,88.0,1978.0
2336,193.0,90.0,1979.0
2337,201.0,97.0,1982.0
2338,185.0,88.0,1979.0
2339,203.0,95.0,1959.0
2340,216.0,111.0,1978.0
2341,211.0,113.0,1980.0
2342,206.0,97.0,1975.0
2343,203.0,102.0,1977.0
2344,203.0,117.0,1979.0
2345,206.0,117.0,1981.0
2346,185.0,72.0,1968.0
2347,211.0,113.0,1973.0
2348,201.0,103.0,1980.0
2349,201.0,97.0,1979.0
2350,183.0,86.0,1978.0
2351,190.0,74.0,1978.0
2352,208.0,117.0,1978.0
2353,203.0,111.0,1980.0
2354,211.0,108.0,1978.0
2355,208.0,113.0,1981.0
2356,208.0,104.0,1980.0
2357,196.0,90.0,1980.0
2358,193.0,81.0,1980.0
2359,201.0,99.0,1973.0
2360,216.0,111.0,1975.0
2361,203.0,106.0,1979.0
2362,198.0,97.0,1981.0
2363,203.0,102.0,1980.0
2364,211.0,104.0,1981.0
2365,193.0,95.0,1979.0
2366,201.0,102.0,1979.0
2367,193.0,86.0,1981.0
2368,196.0,90.0,1980.0
2369,193.0,86.0,1979.0
2370,201.0,111.0,1979.0
2371,185.0,79.0,1979.0
2372,193.0,86.0,1981.0
2373,206.0,96.0,1980.0
2374,211.0,120.0,1977.0
2375,198.0,97.0,1980.0
2376,201.0,95.0,1979.0
2377,211.0,106.0,1983.0
2378,198.0,102.0,1976.0
2379,208.0,104.0,1977.0
2380,203.0,97.0,1980.0
2381,208.0,100.0,1982.0
2382,178.0,83.0,1979.0
2383,193.0,86.0,1956.0
2384,206.0,108.0,1968.0
2385,203.0,100.0,1981.0
2386,201.0,95.0,1981.0
2387,203.0,108.0,1984.0
2388,188.0,90.0,1981.0
2389,203.0,95.0,1952.0
2390,208.0,107.0,1980.0
2391,185.0,81.0,1980.0
2392,190.0,78.0,1980.0
2393,196.0,97.0,1980.0
2394,213.0,108.0,1980.0
2395,211.0,106.0,1984.0
2396,203.0,111.0,1976.0
2397,198.0,96.0,1980.0
2398,196.0,95.0,1976.0
2399,206.0,106.0,1980.0
2400,185.0,86.0,1982.0
2401,198.0,90.0,1981.0
2402,188.0,77.0,1955.0
2403,203.0,97.0,1978.0
2404,201.0,94.0,1981.0
2405,213.0,106.0,1976.0
2406,201.0,92.0,1977.0
2407,196.0,95.0,1977.0
2408,206.0,108.0,1981.0
2409,198.0,92.0,1981.0
2410,193.0,90.0,1981.0
2411,208.0,108.0,1973.0
2412,198.0,92.0,1978.0
2413,203.0,106.0,1980.0
2414,201.0,99.0,1981.0
2415,193.0,86.0,1981.0
2416,201.0,95.0,1980.0
2417,201.0,117.0,1980.0
2418,208.0,95.0,1979.0
2419,203.0,92.0,1980.0
2420,190.0,83.0,1976.0
2421,213.0,120.0,1982.0
2422,203.0,96.0,1981.0
2423,201.0,96.0,1981.0
2424,188.0,85.0,1979.0
2425,201.0,111.0,1981.0
2426,196.0,99.0,1980.0
2427,188.0,79.0,1981.0
2428,203.0,102.0,1980.0
2429,206.0,112.0,1978.0
2430,203.0,124.0,1982.0
2431,198.0,97.0,1977.0
2432,193.0,99.0,1982.0
2433,203.0,106.0,1980.0
2434,206.0,113.0,1980.0
2435,203.0,102.0,1971.0
2436,193.0,96.0,1982.0
2437,211.0,127.0,1980.0
2438,203.0,97.0,1985.0
2439,185.0,79.0,1979.0
2440,178.0,78.0,1982.0
2441,193.0,86.0,1979.0
2442,208.0,106.0,1980.0
2443,185.0,90.0,1980.0
2444,190.0,81.0,1976.0
2445,183.0,81.0,1980.0
2446,203.0,95.0,1983.0
2447,208.0,115.0,1980.0
2448,203.0,97.0,1982.0
2449,206.0,99.0,1985.0
2450,185.0,83.0,1982.0
2451,206.0,124.0,1979.0
2452,213.0,124.0,1981.0
2453,196.0,104.0,1982.0
2454,188.0,90.0,1981.0
2455,208.0,108.0,1981.0
2456,190.0,90.0,1983.0
2457,190.0,87.0,1983.0
2458,213.0,127.0,1982.0
2459,206.0,106.0,1985.0
2460,198.0,97.0,1984.0
2461,190.0,90.0,1981.0
2462,185.0,81.0,1974.0
2463,178.0,78.0,1975.0
2464,206.0,106.0,1977.0
2465,183.0,86.0,1982.0
2466,208.0,114.0,1982.0
2467,203.0,108.0,1982.0
2468,211.0,115.0,1982.0
2469,198.0,95.0,1980.0
2470,198.0,88.0,1981.0
2471,213.0,106.0,1944.0
2472,198.0,102.0,1983.0
2473,208.0,113.0,1981.0
2474,198.0,100.0,1977.0
2475,175.0,74.0,1980.0
2476,193.0,94.0,1975.0
2477,198.0,97.0,1973.0
2478,208.0,99.0,1981.0
2479,193.0,81.0,1983.0
2480,208.0,99.0,1960.0
2481,196.0,83.0,1983.0
2482,198.0,99.0,1982.0
2483,213.0,113.0,1981.0
2484,196.0,97.0,1983.0
2485,203.0,113.0,1985.0
2486,213.0,117.0,1984.0
2487,190.0,92.0,1979.0
2488,183.0,83.0,1983.0
2489,185.0,79.0,1982.0
2490,203.0,113.0,1983.0
2491,190.0,83.0,1983.0
2492,206.0,102.0,1981.0
2493,185.0,92.0,1984.0
2494,190.0,85.0,1982.0
2495,201.0,95.0,1972.0
2496,211.0,115.0,1983.0
2497,206.0,113.0,1982.0
2498,201.0,88.0,1981.0
2499,201.0,113.0,1982.0
2500,201.0,102.0,1982.0
2501,198.0,97.0,1982.0
2502,206.0,100.0,1983.0
2503,201.0,95.0,1982.0
2504,193.0,94.0,1982.0
2505,190.0,81.0,1979.0
2506,198.0,108.0,1983.0
2507,190.0,83.0,1982.0
2508,201.0,95.0,1983.0
2509,206.0,102.0,1979.0
2510,190.0,90.0,1983.0
2511,193.0,88.0,1976.0
2512,208.0,95.0,1952.0
2513,203.0,111.0,1985.0
2514,201.0,102.0,1942.0
2515,206.0,86.0,1982.0
2516,201.0,117.0,1983.0
2517,206.0,120.0,1984.0
2518,193.0,93.0,1984.0
2519,185.0,79.0,1983.0
2520,193.0,90.0,1980.0
2521,183.0,79.0,1985.0
2522,206.0,102.0,1983.0
2523,188.0,86.0,1983.0
2524,208.0,108.0,1983.0
2525,196.0,83.0,1955.0
2526,206.0,108.0,1982.0
2527,175.0,81.0,1984.0
2528,196.0,95.0,1981.0
2529,193.0,83.0,1978.0
2530,216.0,115.0,1982.0
2531,206.0,115.0,1983.0
2532,203.0,97.0,1981.0
2533,185.0,81.0,1982.0
2534,208.0,117.0,1985.0
2535,198.0,81.0,1982.0
2536,201.0,88.0,1983.0
2537,208.0,112.0,1983.0
2538,211.0,105.0,1984.0
2539,196.0,95.0,1985.0
2540,198.0,92.0,1982.0
2541,206.0,99.0,1982.0
2542,216.0,102.0,1952.0
2543,208.0,117.0,1982.0
2544,190.0,90.0,1984.0
2545,206.0,90.0,1969.0
2546,185.0,89.0,1982.0
2547,201.0,95.0,1984.0
2548,211.0,102.0,1962.0
2549,190.0,88.0,1981.0
2550,193.0,99.0,1984.0
2551,196.0,91.0,1984.0
2552,211.0,117.0,1985.0
2553,206.0,99.0,1982.0
2554,211.0,106.0,1984.0
2555,208.0,106.0,1984.0
2556,196.0,99.0,1983.0
2557,203.0,94.0,1984.0
2558,183.0,92.0,1983.0
2559,208.0,107.0,1984.0
2560,198.0,93.0,1983.0
2561,193.0,81.0,1955.0
2562,206.0,111.0,1981.0
2563,193.0,92.0,1985.0
2564,201.0,92.0,1984.0
2565,198.0,99.0,1984.0
2566,188.0,88.0,1982.0
2567,211.0,122.0,1984.0
2568,201.0,102.0,1982.0
2569,190.0,79.0,1984.0
2570,188.0,81.0,1986.0
2571,196.0,99.0,1981.0
2572,193.0,96.0,1983.0
2573,203.0,104.0,1986.0
2574,188.0,86.0,1986.0
2575,188.0,79.0,1979.0
2576,203.0,104.0,1984.0
2577,188.0,83.0,1984.0
2578,213.0,108.0,1984.0
2579,206.0,108.0,1983.0
2580,208.0,104.0,1984.0
2581,198.0,83.0,1984.0
2582,183.0,92.0,1986.0
2583,201.0,90.0,1982.0
2584,196.0,87.0,1984.0
2585,203.0,108.0,1982.0
2586,206.0,108.0,1983.0
2587,203.0,111.0,1985.0
2588,208.0,120.0,1986.0
2589,203.0,92.0,1984.0
2590,198.0,104.0,1984.0
2591,208.0,102.0,1983.0
2592,213.0,117.0,1986.0
2593,208.0,111.0,1983.0
2594,203.0,108.0,1984.0
2595,198.0,106.0,1983.0
2596,188.0,83.0,1983.0
2597,188.0,86.0,1984.0
2598,198.0,83.0,1984.0
2599,185.0,84.0,1986.0
2600,198.0,97.0,1984.0
2601,206.0,106.0,1986.0
2602,201.0,113.0,1983.0
2603,201.0,90.0,1969.0
2604,206.0,97.0,1986.0
2605,206.0,131.0,1976.0
2606,208.0,102.0,1984.0
2607,185.0,89.0,1982.0
2608,185.0,91.0,1975.0
2609,185.0,91.0,1975.0
2610,196.0,95.0,1985.0
2611,188.0,86.0,1984.0
2612,211.0,113.0,1981.0
2613,198.0,102.0,1985.0
2614,206.0,111.0,1982.0
2615,206.0,84.0,1986.0
2616,183.0,73.0,1985.0
2617,203.0,102.0,1987.0
2618,185.0,79.0,1987.0
2619,190.0,83.0,1958.0
2620,196.0,90.0,1987.0
2621,208.0,104.0,1984.0
2622,206.0,131.0,1986.0
2623,188.0,87.0,1985.0
2624,201.0,102.0,1985.0
2625,206.0,108.0,1988.0
2626,211.0,106.0,1985.0
2627,196.0,102.0,1985.0
2628,213.0,122.0,1984.0
2629,183.0,80.0,1986.0
2630,198.0,108.0,1983.0
2631,216.0,111.0,1988.0
2632,208.0,111.0,1986.0
2633,196.0,97.0,1983.0
2634,206.0,112.0,1983.0
2635,193.0,97.0,1983.0
2636,203.0,97.0,1982.0
2637,190.0,88.0,1985.0
2638,206.0,99.0,1985.0
2639,208.0,108.0,1987.0
2640,203.0,92.0,1980.0
2641,203.0,97.0,1984.0
2642,211.0,104.0,1985.0
2643,201.0,97.0,1981.0
2644,193.0,77.0,1986.0
2645,206.0,122.0,1984.0
2646,190.0,86.0,1986.0
2647,208.0,111.0,1983.0
2648,211.0,113.0,1977.0
2649,196.0,95.0,1986.0
2650,203.0,99.0,1983.0
2651,203.0,86.0,1943.0
2652,188.0,88.0,1985.0
2653,211.0,117.0,1984.0
2654,208.0,104.0,1960.0
2655,208.0,106.0,1986.0
2656,211.0,102.0,1962.0
2657,203.0,102.0,1987.0
2658,201.0,95.0,1985.0
2659,203.0,100.0,1988.0
2660,203.0,104.0,1986.0
2661,208.0,108.0,1988.0
2662,206.0,106.0,1988.0
2663,190.0,90.0,1988.0
2664,206.0,106.0,1989.0
2665,193.0,92.0,1923.0
2666,188.0,86.0,1986.0
2667,196.0,95.0,1986.0
2668,203.0,121.0,1983.0
2669,201.0,90.0,1987.0
2670,193.0,97.0,1988.0
2671,211.0,102.0,1988.0
2672,198.0,99.0,1987.0
2673,218.0,122.0,1986.0
2674,190.0,85.0,1986.0
2675,213.0,112.0,1985.0
2676,203.0,102.0,1986.0
2677,206.0,114.0,1985.0
2678,208.0,127.0,1986.0
2679,196.0,88.0,1983.0
2680,196.0,98.0,1984.0
2681,211.0,120.0,1988.0
2682,213.0,120.0,1989.0
2683,206.0,105.0,1985.0
2684,196.0,90.0,1985.0
2685,213.0,124.0,1988.0
2686,213.0,115.0,1988.0
2687,208.0,113.0,1988.0
2688,201.0,99.0,1984.0
2689,213.0,122.0,1988.0
2690,196.0,95.0,1985.0
2691,193.0,90.0,1985.0
2692,213.0,113.0,1988.0
2693,208.0,92.0,1989.0
2694,190.0,86.0,1988.0
2695,198.0,99.0,1985.0
2696,206.0,111.0,1986.0
2697,183.0,83.0,1985.0
2698,208.0,115.0,1987.0
2699,188.0,74.0,1986.0
2700,185.0,83.0,1946.0
2701,203.0,108.0,1985.0
2702,198.0,91.0,1986.0
2703,198.0,92.0,1986.0
2704,190.0,90.0,1988.0
2705,206.0,108.0,1968.0
2706,208.0,104.0,1943.0
2707,188.0,83.0,1945.0
2708,201.0,122.0,1989.0
2709,201.0,115.0,1987.0
2710,185.0,72.0,1968.0
2711,201.0,94.0,1988.0
2712,203.0,97.0,1986.0
2713,208.0,102.0,1988.0
2714,183.0,79.0,1987.0
2715,203.0,104.0,1987.0
2716,190.0,86.0,1986.0
2717,190.0,86.0,1988.0
2718,211.0,99.0,1988.0
2719,201.0,100.0,1989.0
2720,188.0,88.0,1986.0
2721,193.0,90.0,1987.0
2722,198.0,99.0,1989.0
2723,183.0,83.0,1989.0
2724,185.0,83.0,1986.0
2725,198.0,102.0,1987.0
2726,206.0,102.0,1985.0
2727,206.0,83.0,1985.0
2728,206.0,100.0,1957.0
2729,201.0,107.0,1986.0
2730,206.0,113.0,1985.0
2731,196.0,99.0,1989.0
2732,208.0,106.0,1987.0
2733,193.0,92.0,1990.0
2734,190.0,86.0,1984.0
2735,211.0,108.0,1984.0
2736,190.0,86.0,1986.0
2737,196.0,90.0,1985.0
2738,206.0,113.0,1987.0
2739,188.0,86.0,1984.0
2740,201.0,104.0,1985.0
2741,180.0,88.0,1987.0
2742,185.0,77.0,1959.0
2743,190.0,79.0,1987.0
2744,193.0,95.0,1987.0
2745,203.0,111.0,1985.0
2746,213.0,124.0,1989.0
2747,203.0,104.0,1988.0
2748,193.0,79.0,1960.0
2749,188.0,84.0,1988.0
2750,198.0,88.0,1986.0
2751,221.0,119.0,1987.0
2752,193.0,92.0,1987.0
2753,198.0,99.0,1987.0
2754,198.0,99.0,1985.0
2755,201.0,111.0,1986.0
2756,216.0,113.0,1988.0
2757,211.0,113.0,1988.0
2758,206.0,99.0,1990.0
2759,198.0,96.0,1989.0
2760,206.0,102.0,1989.0
2761,185.0,86.0,1989.0
2762,203.0,103.0,1987.0
2763,208.0,104.0,1987.0
2764,188.0,81.0,1990.0
2765,206.0,124.0,1988.0
2766,180.0,92.0,1987.0
2767,211.0,111.0,1986.0
2768,211.0,122.0,1990.0
2769,196.0,95.0,1986.0
2770,208.0,108.0,1989.0
2771,190.0,86.0,1984.0
2772,206.0,97.0,1989.0
2773,206.0,90.0,1987.0
2774,213.0,108.0,1962.0
2775,208.0,120.0,1991.0
2776,201.0,95.0,1988.0
2777,201.0,99.0,1985.0
2778,206.0,99.0,1990.0
2779,208.0,113.0,1989.0
2780,203.0,111.0,1988.0
2781,196.0,83.0,1989.0
2782,203.0,102.0,1990.0
2783,198.0,102.0,1986.0
2784,198.0,99.0,1991.0
2785,201.0,102.0,1987.0
2786,180.0,79.0,1983.0
2787,196.0,107.0,1920.0
2788,183.0,77.0,1949.0
2789,201.0,97.0,1987.0
2790,203.0,99.0,1975.0
2791,206.0,106.0,1988.0
2792,190.0,90.0,1988.0
2793,211.0,120.0,1990.0
2794,213.0,106.0,1987.0
2795,193.0,95.0,1984.0
2796,201.0,95.0,1983.0
2797,206.0,104.0,1989.0
2798,211.0,139.0,1988.0
2799,201.0,99.0,1988.0
2800,193.0,86.0,1986.0
2801,206.0,117.0,1989.0
2802,211.0,106.0,1988.0
2803,190.0,86.0,1984.0
2804,211.0,138.0,1986.0
2805,183.0,79.0,1988.0
2806,196.0,104.0,1990.0
2807,201.0,99.0,1988.0
2808,208.0,108.0,1987.0
2809,190.0,92.0,1988.0
2810,198.0,98.0,1987.0
2811,193.0,88.0,1990.0
2812,193.0,92.0,1989.0
2813,213.0,120.0,1989.0
2814,206.0,117.0,1989.0
2815,208.0,106.0,1954.0
2816,196.0,90.0,1989.0
2817,198.0,97.0,1991.0
2818,201.0,99.0,1989.0
2819,201.0,99.0,1984.0
2820,188.0,79.0,1988.0
2821,206.0,113.0,1984.0
2822,180.0,83.0,1985.0
2823,190.0,81.0,1987.0
2824,203.0,103.0,1989.0
2825,213.0,120.0,1987.0
2826,180.0,83.0,1988.0
2827,188.0,88.0,1989.0
2828,211.0,99.0,1986.0
2829,190.0,90.0,1988.0
2830,178.0,72.0,1948.0
2831,208.0,102.0,1989.0
2832,208.0,124.0,1989.0
2833,196.0,86.0,1987.0
2834,190.0,86.0,1967.0
2835,196.0,81.0,1989.0
2836,201.0,95.0,1987.0
2837,203.0,85.0,1990.0
2838,206.0,104.0,1988.0
2839,190.0,87.0,1992.0
2840,190.0,94.0,1990.0
2841,190.0,99.0,1989.0
2842,178.0,81.0,1983.0
2843,203.0,104.0,1984.0
2844,206.0,113.0,1987.0
2845,213.0,114.0,1986.0
2846,190.0,87.0,1991.0
2847,178.0,78.0,1975.0
2848,196.0,90.0,1990.0
2849,201.0,104.0,1991.0
2850,193.0,92.0,1990.0
2851,208.0,103.0,1989.0
2852,198.0,94.0,1988.0
2853,190.0,92.0,1990.0
2854,208.0,102.0,1986.0
2855,193.0,86.0,1991.0
2856,208.0,115.0,1990.0
2857,188.0,99.0,1986.0
2858,208.0,104.0,1988.0
2859,203.0,105.0,1986.0
2860,188.0,83.0,1991.0
2861,196.0,99.0,1990.0
2862,196.0,92.0,1988.0
2863,203.0,104.0,1989.0
2864,190.0,92.0,1988.0
2865,188.0,86.0,1987.0
2866,188.0,83.0,1988.0
2867,211.0,117.0,1985.0
2868,198.0,90.0,1988.0
2869,185.0,81.0,1961.0
2870,203.0,106.0,1988.0
2871,206.0,102.0,1988.0
2872,206.0,107.0,1991.0
2873,201.0,97.0,1990.0
2874,208.0,102.0,1955.0
2875,206.0,107.0,1991.0
2876,198.0,92.0,1986.0
2877,213.0,117.0,1990.0
2878,203.0,95.0,1964.0
2879,190.0,90.0,1984.0
2880,196.0,86.0,1989.0
2881,188.0,83.0,1951.0
2882,203.0,102.0,1988.0
2883,201.0,108.0,1990.0
2884,180.0,83.0,1986.0
2885,198.0,79.0,1991.0
2886,208.0,117.0,1986.0
2887,196.0,91.0,1989.0
2888,196.0,93.0,1993.0
2889,185.0,83.0,1988.0
2890,206.0,108.0,1984.0
2891,198.0,106.0,1990.0
2892,193.0,88.0,1991.0
2893,206.0,97.0,1968.0
2894,211.0,126.0,1993.0
2895,198.0,90.0,1988.0
2896,211.0,115.0,1989.0
2897,201.0,104.0,1990.0
2898,190.0,92.0,1987.0
2899,206.0,97.0,1993.0
2900,211.0,103.0,1990.0
2901,198.0,83.0,1989.0
2902,208.0,108.0,1985.0
2903,193.0,97.0,1991.0
2904,196.0,99.0,1989.0
2905,201.0,95.0,1970.0
2906,203.0,100.0,1990.0
2907,203.0,113.0,1989.0
2908,211.0,106.0,1991.0
2909,206.0,114.0,1992.0
2910,201.0,95.0,1988.0
2911,201.0,105.0,1993.0
2912,193.0,95.0,1991.0
2913,196.0,83.0,1992.0
2914,216.0,111.0,1992.0
2915,190.0,88.0,1990.0
2916,185.0,92.0,1990.0
2917,193.0,90.0,1991.0
2918,213.0,115.0,1990.0
2919,203.0,106.0,1991.0
2920,203.0,106.0,1990.0
2921,206.0,95.0,1992.0
2922,211.0,112.0,1990.0
2923,196.0,83.0,1990.0
2924,206.0,113.0,1989.0
2925,208.0,113.0,1990.0
2926,211.0,112.0,1988.0
2927,193.0,90.0,1992.0
2928,185.0,78.0,1985.0
2929,208.0,107.0,1991.0
2930,201.0,93.0,1991.0
2931,213.0,122.0,1989.0
2932,203.0,107.0,1988.0
2933,208.0,112.0,1990.0
2934,203.0,103.0,1988.0
2935,206.0,117.0,1992.0
2936,193.0,79.0,1960.0
2937,190.0,83.0,1990.0
2938,188.0,85.0,1993.0
2939,206.0,104.0,1988.0
2940,193.0,102.0,1991.0
2941,188.0,90.0,1991.0
2942,198.0,92.0,1993.0
2943,211.0,111.0,1987.0
2944,213.0,114.0,1990.0
2945,213.0,115.0,1993.0
2946,196.0,102.0,1990.0
2947,203.0,111.0,1993.0
2948,193.0,90.0,1992.0
2949,196.0,85.0,1990.0
2950,201.0,92.0,1991.0
2951,185.0,86.0,1992.0
2952,190.0,86.0,1989.0
2953,198.0,96.0,1989.0
2954,196.0,92.0,1993.0
2955,183.0,91.0,1991.0
2956,198.0,86.0,1991.0
2957,196.0,92.0,1986.0
2958,190.0,79.0,1991.0
2959,206.0,97.0,1990.0
2960,198.0,95.0,1992.0
2961,188.0,83.0,1990.0
2962,193.0,92.0,1991.0
2963,208.0,108.0,1991.0
2964,213.0,111.0,1989.0
2965,193.0,89.0,1990.0
2966,211.0,109.0,1990.0
2967,201.0,99.0,1987.0
2968,198.0,91.0,1990.0
2969,196.0,86.0,1991.0
2970,196.0,90.0,1994.0
2971,190.0,86.0,1988.0
2972,213.0,117.0,1990.0
2973,203.0,108.0,1989.0
2974,201.0,102.0,1991.0
2975,201.0,92.0,1989.0
2976,203.0,97.0,1989.0
2977,211.0,104.0,1991.0
2978,180.0,79.0,1992.0
2979,216.0,117.0,1993.0
2980,190.0,86.0,1991.0
2981,196.0,88.0,1993.0
2982,190.0,86.0,1988.0
2983,201.0,92.0,1966.0
2984,198.0,101.0,1992.0
2985,208.0,104.0,1990.0
2986,196.0,88.0,1989.0
2987,211.0,108.0,1991.0
2988,201.0,92.0,1990.0
2989,193.0,95.0,1992.0
2990,213.0,107.0,1991.0
2991,206.0,115.0,1987.0
2992,211.0,111.0,1990.0
2993,203.0,89.0,1993.0
2994,180.0,79.0,1991.0
2995,196.0,83.0,1955.0
2996,183.0,83.0,1990.0
2997,201.0,90.0,1991.0
2998,203.0,97.0,1990.0
2999,201.0,90.0,1993.0
3000,203.0,93.0,1991.0
3001,178.0,79.0,1990.0
3002,203.0,95.0,1959.0
3003,213.0,104.0,1990.0
3004,193.0,86.0,1991.0
3005,213.0,108.0,1992.0
3006,196.0,94.0,1994.0
3007,206.0,104.0,1993.0
3008,206.0,113.0,1990.0
3009,203.0,111.0,1991.0
3010,226.0,163.0,1992.0
3011,206.0,113.0,1991.0
3012,193.0,97.0,1992.0
3013,190.0,83.0,1974.0
3014,183.0,83.0,1991.0
3015,196.0,94.0,1988.0
3016,196.0,87.0,1992.0
3017,206.0,117.0,1991.0
3018,185.0,74.0,1992.0
3019,196.0,97.0,1991.0
3020,198.0,90.0,1993.0
3021,203.0,95.0,1991.0
3022,201.0,95.0,1990.0
3023,190.0,87.0,1994.0
3024,185.0,77.0,1990.0
3025,188.0,90.0,1991.0
3026,206.0,99.0,1995.0
3027,206.0,111.0,1990.0
3028,203.0,95.0,1994.0
3029,193.0,83.0,1991.0
3030,206.0,102.0,1990.0
3031,193.0,95.0,1994.0
3032,198.0,99.0,1991.0
3033,203.0,93.0,1992.0
3034,206.0,98.0,1990.0
3035,208.0,106.0,1993.0
3036,190.0,91.0,1992.0
3037,193.0,84.0,1992.0
3038,193.0,95.0,1990.0
3039,213.0,111.0,1991.0
3040,196.0,85.0,1995.0
3041,185.0,88.0,1989.0
3042,198.0,90.0,1992.0
3043,203.0,102.0,1992.0
3044,208.0,115.0,1992.0
3045,190.0,90.0,1987.0
3046,198.0,102.0,1987.0
3047,208.0,107.0,1991.0
3048,185.0,79.0,1991.0
3049,211.0,103.0,1994.0
3050,206.0,116.0,1993.0
3051,203.0,113.0,1995.0
3052,208.0,107.0,1991.0
3053,193.0,83.0,1994.0
3054,211.0,108.0,1991.0
3055,206.0,113.0,1994.0
3056,211.0,106.0,1983.0
3057,193.0,99.0,1994.0
3058,183.0,74.0,1991.0
3059,198.0,92.0,1993.0
3060,180.0,74.0,1991.0
3061,206.0,119.0,1994.0
3062,208.0,108.0,1995.0
3063,208.0,104.0,1990.0
3064,208.0,104.0,1990.0
3065,211.0,113.0,1991.0
3066,203.0,90.0,1995.0
3067,198.0,97.0,1995.0
3068,203.0,111.0,1995.0
3069,198.0,103.0,1993.0
3070,185.0,83.0,1992.0
3071,198.0,93.0,1996.0
3072,206.0,111.0,1981.0
3073,213.0,108.0,1993.0
3074,206.0,113.0,1991.0
3075,201.0,105.0,1992.0
3076,196.0,93.0,1993.0
3077,198.0,102.0,1993.0
3078,198.0,94.0,1992.0
3079,206.0,104.0,1994.0
3080,206.0,99.0,1991.0
3081,201.0,98.0,1991.0
3082,203.0,95.0,1994.0
3083,203.0,108.0,1994.0
3084,198.0,95.0,1994.0
3085,198.0,92.0,1993.0
3086,201.0,99.0,1995.0
3087,208.0,111.0,1993.0
3088,201.0,104.0,1991.0
3089,203.0,99.0,1944.0
3090,188.0,88.0,1996.0
3091,213.0,109.0,1993.0
3092,211.0,117.0,1985.0
3093,206.0,99.0,1996.0
3094,208.0,106.0,1995.0
3095,208.0,108.0,1994.0
3096,211.0,90.0,1995.0
3097,198.0,83.0,1991.0
3098,203.0,106.0,1994.0
3099,201.0,83.0,1993.0
3100,211.0,124.0,1995.0
3101,201.0,92.0,1995.0
3102,196.0,102.0,1991.0
3103,190.0,83.0,1994.0
3104,211.0,104.0,1995.0
3105,193.0,97.0,1993.0
3106,206.0,106.0,1942.0
3107,198.0,90.0,1993.0
3108,188.0,86.0,1994.0
3109,185.0,83.0,1924.0
3110,208.0,122.0,1987.0
3111,213.0,110.0,1995.0
3112,211.0,110.0,1996.0
3113,198.0,91.0,1996.0
3114,188.0,74.0,1992.0
3115,201.0,102.0,1996.0
3116,211.0,99.0,1995.0
3117,196.0,83.0,1992.0
3118,188.0,81.0,1992.0
3119,193.0,99.0,1993.0
3120,193.0,91.0,1996.0
3121,196.0,88.0,1996.0
3122,198.0,95.0,1994.0
3123,206.0,106.0,1994.0
3124,196.0,97.0,1992.0
3125,193.0,97.0,1992.0
3126,208.0,105.0,1997.0
3127,190.0,86.0,1992.0
3128,188.0,83.0,1993.0
3129,211.0,107.0,1996.0
3130,190.0,86.0,1989.0
3131,206.0,99.0,1996.0
3132,193.0,95.0,1994.0
3133,211.0,111.0,1997.0
3134,213.0,113.0,1994.0
3135,175.0,79.0,1995.0
3136,183.0,81.0,1993.0
3137,203.0,99.0,1993.0
3138,190.0,86.0,1993.0
3139,198.0,95.0,1993.0
3140,201.0,90.0,1992.0
3141,196.0,97.0,1994.0
3142,188.0,83.0,1987.0
3143,198.0,99.0,1993.0
3144,198.0,96.0,1994.0
3145,193.0,97.0,1993.0
3146,201.0,93.0,1993.0
3147,206.0,86.0,1997.0
3148,185.0,91.0,1994.0
3149,178.0,81.0,1991.0
3150,208.0,95.0,1979.0
3151,190.0,83.0,1976.0
3152,203.0,100.0,1990.0
3153,211.0,102.0,1996.0
3154,206.0,95.0,1994.0
3155,201.0,92.0,1994.0
3156,206.0,115.0,1993.0
3157,201.0,83.0,1995.0
3158,196.0,90.0,1992.0
3159,193.0,92.0,1991.0
3160,196.0,77.0,1996.0
3161,193.0,93.0,1997.0
3162,206.0,90.0,1992.0
3163,203.0,104.0,1993.0
3164,193.0,94.0,1993.0
3165,211.0,111.0,1993.0
3166,208.0,111.0,1996.0
3167,193.0,81.0,1968.0
3168,211.0,111.0,1990.0
3169,213.0,112.0,1995.0
3170,201.0,107.0,1993.0
3171,198.0,88.0,1994.0
3172,188.0,83.0,1993.0
3173,198.0,92.0,1996.0
3174,211.0,108.0,1996.0
3175,196.0,104.0,1994.0
3176,206.0,104.0,1994.0
3177,211.0,115.0,1997.0
3178,190.0,77.0,1994.0
3179,213.0,117.0,1994.0
3180,178.0,68.0,1996.0
3181,206.0,100.0,1993.0
3182,198.0,96.0,1993.0
3183,183.0,88.0,1994.0
3184,203.0,92.0,1992.0
3185,193.0,96.0,1995.0
3186,198.0,97.0,1969.0
3187,208.0,108.0,1992.0
3188,213.0,108.0,1996.0
